insert into member (id, check_agree, create_date, login_date, login_id, nickname, password ,phone_number, point, role, update_date) values (1, 1,'2023-04-07 17:45:22','2023-04-07 17:45:22', 'test111111',  'test111111', '$2y$10$tRo6AL3AMRBOXPTfqAFNBO06/2zGMTr5Cvkc5CoS0sjgnovVLCyRu', '01012345671', 1000, 'ROLE_USER', '2023-04-07 17:45:22');
insert into member (id, check_agree, create_date, login_date, login_id, nickname, password ,phone_number, point, role, update_date) values (2, 1,'2023-04-07 17:45:22','2023-04-07 17:45:22', 'test222222',  'test222222', '$2y$10$nffYvzFk6vBB5J.8HFLjkuoaLmXvrtZ97Ivk4eAjWLXIUjvHc5YAe', '01012345672', 1000, 'ROLE_USER', '2023-04-07 17:45:22');
insert into member (id, check_agree, create_date, login_date, login_id, nickname, password ,phone_number, point, role, update_date) values (3, 1,'2023-04-07 17:45:22','2023-04-07 17:45:22', 'test333333',  'test333333', '$2y$10$xsWyO3tEhyaU79pQcHw.3OPjudF4PYrhtoqD/lKd41RscMTfffz62', '01012345673', 1000, 'ROLE_USER', '2023-04-07 17:45:22');
insert into member (id, check_agree, create_date, login_date, login_id, nickname, password ,phone_number, point, role, update_date) values (4, 1,'2023-04-07 17:45:22','2023-04-07 17:45:22', 'test444444',  'test444444', '$2y$10$JWTEL/Hlz93Q88V8WN7.9Os32EgsrC1vtHsKn/FUJ7CIwRC3ll6eC', '01012345674', 1000, 'ROLE_USER', '2023-04-07 17:45:22');
insert into member (id, check_agree, create_date, login_date, login_id, nickname, password ,phone_number, point, role, update_date) values (5, 1,'2023-04-07 17:45:22','2023-04-07 17:45:22', 'test555555',  'test555555', '$2y$10$k1UDG.quwRFX/L3yFy9Vl.gkVd4V3894gMNkLPdfIFBSgagAoDtGa', '01012345675', 1000, 'ROLE_USER', '2023-04-07 17:45:22');

insert into category(id, name) values(1, '전자제품');
insert into category(id, name) values(2, '가구');
insert into category(id, name) values(3, '의류');
insert into category(id, name) values(4, '티켓');

insert into product (id, seller_id, title, category_id, product_grade, brand, price, is_checked_delivery_fee, content, purchase_date, is_defect, sale_reason, create_date) values (1, 1, '판매자1의 상품', 3, 'UPPER', 'jov', 99041, false, 'jzyyzeutakvreokoiyciukltjablusjuqbkh', '2023-05-13 04:56:37', false, 'cqcekatidzbzt', '2023-05-20 17:50:17');
insert into product (id, seller_id, title, category_id, product_grade, brand, price, is_checked_delivery_fee, content, purchase_date, is_defect, sale_reason, create_date) values (2, 1, '판매자1의 상품', 1, 'UPPER', 'rov', 53898, false, 'vmqyqqaskqcekwzklwtrsogbforhtrwnldpr', '2023-03-04 11:52:39', true, 'dspwpdfabgfpu', '2023-03-25 22:36:40');
insert into product (id, seller_id, title, category_id, product_grade, brand, price, is_checked_delivery_fee, content, purchase_date, is_defect, sale_reason, create_date) values (3, 1, '판매자1의 상품', 2, 'UPPER', 'itn', 22273, false, 'jkkflxxzfmgdxtgqaotrrnqoyzxjgmmzcfss', '2022-12-19 22:43:32', false, 'ybtskhgtrrkoc', '2022-09-07 13:18:14');
insert into product (id, seller_id, title, category_id, product_grade, brand, price, is_checked_delivery_fee, content, purchase_date, is_defect, sale_reason, create_date) values (4, 1, '판매자1의 상품', 3, 'UPPER', 'yyx', 96432, false, 'dngwwwbzdqkoerbztuzpqlnqsxketrasujzy', '2022-11-28 00:14:15', false, 'dschfdavfxqru', '2023-06-15 19:44:22');
insert into product (id, seller_id, title, category_id, product_grade, brand, price, is_checked_delivery_fee, content, purchase_date, is_defect, sale_reason, create_date) values (5, 1, '판매자1의 상품', 3, 'UPPER', 'jam', 55969, false, 'citkymggivpfwhadhpcgjknvkbtjzzcizwyw', '2022-11-07 13:07:37', false, 'eqxosatotemmz', '2023-05-22 05:36:33');
insert into product (id, seller_id, title, category_id, product_grade, brand, price, is_checked_delivery_fee, content, purchase_date, is_defect, sale_reason, create_date) values (6, 1, '판매자1의 상품', 3, 'UPPER', 'nsn', 84596, false, 'hyelcdxqkvvkmkdployslvqkpycqolwoxsnr', '2023-05-28 04:36:36', false, 'vkecaidedyfqg', '2022-11-24 16:25:02');
insert into product (id, seller_id, title, category_id, product_grade, brand, price, is_checked_delivery_fee, content, purchase_date, is_defect, sale_reason, create_date) values (7, 1, '판매자1의 상품', 2, 'UPPER', 'onz', 27348, false, 'bmvlyxwvpmgqvlnbxbjvbdgdkisdzwzyzaxc', '2022-11-22 01:06:14', true, 'lsylckxrwqxfq', '2022-10-19 09:08:41');
insert into product (id, seller_id, title, category_id, product_grade, brand, price, is_checked_delivery_fee, content, purchase_date, is_defect, sale_reason, create_date) values (8, 1, '판매자1의 상품', 2, 'UPPER', 'lfs', 22721, true, 'zznafkcycacgxxnzcsryrzxszvkuapgzxykq', '2023-04-07 08:07:35', false, 'vbhuuearckclx', '2023-06-29 20:05:23');
insert into product (id, seller_id, title, category_id, product_grade, brand, price, is_checked_delivery_fee, content, purchase_date, is_defect, sale_reason, create_date) values (9, 1, '판매자1의 상품', 4, 'UPPER', 'xxu', 61579, true, 'mxpnyxzrfajijyzjcqxvlheeecrcgtpkgezb', '2023-08-13 03:01:33', false, 'zzvivsspjxuoa', '2023-07-06 21:24:25');
insert into product (id, seller_id, title, category_id, product_grade, brand, price, is_checked_delivery_fee, content, purchase_date, is_defect, sale_reason, create_date) values (10, 1, '판매자1의 상품', 2, 'UPPER', 'iwk', 15675, true, 'juucgxypzpeejypybmebckxcmvuijvxfpper', '2022-10-22 05:27:16', false, 'vtrgwaxzqdqvi', '2023-06-05 13:14:52');
insert into product (id, seller_id, title, category_id, product_grade, brand, price, is_checked_delivery_fee, content, purchase_date, is_defect, sale_reason, create_date) values (11, 1, '판매자1의 상품', 4, 'UPPER', 'jea', 88236, true, 'sxzujoizoseeehkkbcghdxlvolgjhozjgrag', '2023-07-19 22:42:01', false, 'kttuneqdythuz', '2023-08-12 10:20:08');
insert into product (id, seller_id, title, category_id, product_grade, brand, price, is_checked_delivery_fee, content, purchase_date, is_defect, sale_reason, create_date) values (12, 1, '판매자1의 상품', 3, 'UPPER', 'jcc', 80938, false, 'wykrtrutsibtbjvoaqqtwatqnajkizupqttg', '2022-12-11 15:39:54', false, 'spfhdovcqsaxr', '2022-09-22 17:11:50');
insert into product (id, seller_id, title, category_id, product_grade, brand, price, is_checked_delivery_fee, content, purchase_date, is_defect, sale_reason, create_date) values (13, 1, '판매자1의 상품', 1, 'UPPER', 'mai', 65487, false, 'lpkykudalhczaqunsusjlduwxqvlbdwohelf', '2023-05-15 14:41:00', true, 'ivjnrvzeqigcz', '2023-07-07 23:28:26');
insert into product (id, seller_id, title, category_id, product_grade, brand, price, is_checked_delivery_fee, content, purchase_date, is_defect, sale_reason, create_date) values (14, 1, '판매자1의 상품', 1, 'UPPER', 'dbl', 92384, false, 'pltoqmgnviouwvwbwrrrubcnteaitszohynk', '2022-12-31 23:30:30', false, 'eypnfuorhpwmt', '2023-02-01 01:05:25');
insert into product (id, seller_id, title, category_id, product_grade, brand, price, is_checked_delivery_fee, content, purchase_date, is_defect, sale_reason, create_date) values (15, 1, '판매자1의 상품', 2, 'UPPER', 'opj', 59806, true, 'xttyjwrekdlgwblorzvqedyvvaerfyermhfy', '2022-12-28 09:44:18', true, 'juvyyqdtunmcn', '2023-06-30 10:44:05');
insert into product (id, seller_id, title, category_id, product_grade, brand, price, is_checked_delivery_fee, content, purchase_date, is_defect, sale_reason, create_date) values (16, 1, '판매자1의 상품', 3, 'UPPER', 'gbv', 92163, false, 'peotiehxytkcfhgpdzccgqnnwnknxzshwqhq', '2022-11-06 13:39:37', true, 'fergkkpbbblrl', '2023-07-02 07:37:11');
insert into product (id, seller_id, title, category_id, product_grade, brand, price, is_checked_delivery_fee, content, purchase_date, is_defect, sale_reason, create_date) values (17, 1, '판매자1의 상품', 3, 'UPPER', 'jcx', 76066, true, 'zpgunfuwzvjkybmumdmgispnlbohwwwdgegx', '2022-09-14 03:24:01', true, 'smsktwbquuqfg', '2023-02-02 06:16:49');
insert into product (id, seller_id, title, category_id, product_grade, brand, price, is_checked_delivery_fee, content, purchase_date, is_defect, sale_reason, create_date) values (18, 1, '판매자1의 상품', 3, 'UPPER', 'spb', 45201, true, 'vzzoggghmdviabsjeaitlmizpotceuclfbhk', '2023-01-25 06:36:45', true, 'vlfeqmqznyccz', '2022-10-17 04:09:29');
insert into product (id, seller_id, title, category_id, product_grade, brand, price, is_checked_delivery_fee, content, purchase_date, is_defect, sale_reason, create_date) values (19, 1, '판매자1의 상품', 3, 'UPPER', 'dbi', 32563, true, 'qggfxsyaxrlxcowkltvsrrnojaohcdeousnc', '2022-09-17 07:55:15', true, 'dcyuhqpejypmy', '2022-10-19 00:09:26');
insert into product (id, seller_id, title, category_id, product_grade, brand, price, is_checked_delivery_fee, content, purchase_date, is_defect, sale_reason, create_date) values (20, 1, '판매자1의 상품', 3, 'UPPER', 'aac', 88302, true, 'gikscevbkgfeewsgrmewtoeumjtaynzhyxol', '2023-07-13 12:01:57', false, 'vyfqhygyhebwb', '2023-03-06 01:57:11');
insert into product (id, seller_id, title, category_id, product_grade, brand, price, is_checked_delivery_fee, content, purchase_date, is_defect, sale_reason, create_date) values (21, 1, '판매자1의 상품', 4, 'UPPER', 'clz', 76247, false, 'lqlybdfymrndsmekhmfnskdyfspxehijtwyj', '2023-01-21 03:00:20', true, 'bgymofdictczt', '2023-08-07 12:43:01');
insert into product (id, seller_id, title, category_id, product_grade, brand, price, is_checked_delivery_fee, content, purchase_date, is_defect, sale_reason, create_date) values (22, 1, '판매자1의 상품', 4, 'UPPER', 'hgb', 52895, true, 'vcgrfrrxrgtfedfluabpxrqdndkujndfepvu', '2022-11-25 23:07:07', true, 'auxuijlhfotjy', '2023-03-24 04:11:53');
insert into product (id, seller_id, title, category_id, product_grade, brand, price, is_checked_delivery_fee, content, purchase_date, is_defect, sale_reason, create_date) values (23, 1, '판매자1의 상품', 3, 'UPPER', 'nfo', 39140, false, 'ljiaehwfjmqqebibxvqouwrayvvuwzekkrkt', '2023-08-24 19:48:54', true, 'wzwdmwhtcbwei', '2023-03-12 20:24:07');
insert into product (id, seller_id, title, category_id, product_grade, brand, price, is_checked_delivery_fee, content, purchase_date, is_defect, sale_reason, create_date) values (24, 1, '판매자1의 상품', 4, 'UPPER', 'pcq', 76552, false, 'jmreeddcvmbcdnmsplfxvafqqdcjnoxqtrdx', '2022-10-10 13:36:14', false, 'dhdzfappyqvmq', '2022-10-15 01:18:43');
insert into product (id, seller_id, title, category_id, product_grade, brand, price, is_checked_delivery_fee, content, purchase_date, is_defect, sale_reason, create_date) values (25, 1, '판매자1의 상품', 4, 'UPPER', 'dtr', 98040, false, 'yachtqcfamyuhpxqqltgoppwqafkkkiyklif', '2022-10-30 10:30:10', true, 'pzxftybplidbu', '2023-08-14 15:15:12');
insert into product (id, seller_id, title, category_id, product_grade, brand, price, is_checked_delivery_fee, content, purchase_date, is_defect, sale_reason, create_date) values (26, 1, '판매자1의 상품', 1, 'UPPER', 'xrl', 78222, false, 'cjhcyhoacnpnqprkzddvbyazwywrhlqvgyev', '2023-02-03 02:01:12', true, 'ooljcwvtghnhz', '2023-06-26 00:19:16');
insert into product (id, seller_id, title, category_id, product_grade, brand, price, is_checked_delivery_fee, content, purchase_date, is_defect, sale_reason, create_date) values (27, 1, '판매자1의 상품', 4, 'UPPER', 'low', 57190, false, 'rncvujlurhfonlgtfwtfnzbruxibkpisevyy', '2022-09-10 17:40:55', false, 'huaqxtxdckfvi', '2022-12-21 13:07:36');
insert into product (id, seller_id, title, category_id, product_grade, brand, price, is_checked_delivery_fee, content, purchase_date, is_defect, sale_reason, create_date) values (28, 2, '판매자2의 상품', 3, 'UPPER', 'efe', 23072, true, 'kfrgydaaoaeocisyxephowoptvjmkiyurvej', '2023-05-04 23:13:35', false, 'lymyuefdgqzus', '2023-04-26 00:29:48');
insert into product (id, seller_id, title, category_id, product_grade, brand, price, is_checked_delivery_fee, content, purchase_date, is_defect, sale_reason, create_date) values (29, 2, '판매자2의 상품', 2, 'UPPER', 'qgb', 35532, true, 'dhruyfwjabysvxumusdfnljlnncblayykxhe', '2023-05-11 17:30:36', false, 'afkzmlnqaefqs', '2023-04-03 10:56:37');
insert into product (id, seller_id, title, category_id, product_grade, brand, price, is_checked_delivery_fee, content, purchase_date, is_defect, sale_reason, create_date) values (30, 2, '판매자2의 상품', 4, 'UPPER', 'muj', 58442, false, 'gxicftyturbzcuqjqctcwnidqxxcufxjialt', '2023-02-02 21:49:54', true, 'bnibhlwqhuwwr', '2023-06-19 04:09:42');
insert into product (id, seller_id, title, category_id, product_grade, brand, price, is_checked_delivery_fee, content, purchase_date, is_defect, sale_reason, create_date) values (31, 2, '판매자2의 상품', 2, 'UPPER', 'tmk', 71848, true, 'jvjmdsnxojrkljbiyhhgndjlrusbjzkogslm', '2023-03-19 21:29:36', false, 'giiflkvxwpnkj', '2023-08-22 18:51:39');
insert into product (id, seller_id, title, category_id, product_grade, brand, price, is_checked_delivery_fee, content, purchase_date, is_defect, sale_reason, create_date) values (32, 2, '판매자2의 상품', 4, 'UPPER', 'sbl', 83513, false, 'axsxseereqbeubclbdrtdlnuavypgludiweg', '2023-02-06 09:42:28', true, 'ohgsdbpimqzfb', '2023-02-08 07:32:58');
insert into product (id, seller_id, title, category_id, product_grade, brand, price, is_checked_delivery_fee, content, purchase_date, is_defect, sale_reason, create_date) values (33, 2, '판매자2의 상품', 3, 'UPPER', 'pql', 21871, false, 'phtrypyildamykahngcjkvtejvioodffkcdw', '2023-08-02 08:56:47', true, 'czlszjtplggap', '2023-01-20 16:35:45');
insert into product (id, seller_id, title, category_id, product_grade, brand, price, is_checked_delivery_fee, content, purchase_date, is_defect, sale_reason, create_date) values (34, 2, '판매자2의 상품', 1, 'UPPER', 'hna', 17686, false, 'fkcjjshkgmuluzpkzakujrvzdvqvsrubhfgx', '2023-01-13 23:04:10', false, 'xjjavpuwidqtm', '2022-09-29 15:34:22');
insert into product (id, seller_id, title, category_id, product_grade, brand, price, is_checked_delivery_fee, content, purchase_date, is_defect, sale_reason, create_date) values (35, 2, '판매자2의 상품', 1, 'UPPER', 'jbj', 94553, false, 'pfeblznidedbkflrktahjsclhnliohtzucrf', '2023-06-10 04:32:44', false, 'jswghlxtbqvna', '2023-03-26 22:08:32');
insert into product (id, seller_id, title, category_id, product_grade, brand, price, is_checked_delivery_fee, content, purchase_date, is_defect, sale_reason, create_date) values (36, 2, '판매자2의 상품', 4, 'UPPER', 'pbp', 35094, false, 'hlmmazpgrgflrnabkyzmtfytaijwjxkqiwqe', '2023-03-29 10:36:55', false, 'ufbobfvdyhltp', '2023-07-03 14:36:15');
insert into product (id, seller_id, title, category_id, product_grade, brand, price, is_checked_delivery_fee, content, purchase_date, is_defect, sale_reason, create_date) values (37, 2, '판매자2의 상품', 3, 'UPPER', 'lkc', 47206, true, 'yingvfoevjxdiwhwbwzdqrcdmsujffejxldx', '2023-06-08 01:20:55', true, 'awaazyhiuyjcx', '2023-04-03 21:00:10');
insert into product (id, seller_id, title, category_id, product_grade, brand, price, is_checked_delivery_fee, content, purchase_date, is_defect, sale_reason, create_date) values (38, 2, '판매자2의 상품', 4, 'UPPER', 'bjh', 28871, false, 'jpmvpftnpmnjlmfmwuoscishhqfwbnemcbod', '2022-10-28 21:34:29', true, 'fifgtbfvermtf', '2022-12-03 23:02:04');
insert into product (id, seller_id, title, category_id, product_grade, brand, price, is_checked_delivery_fee, content, purchase_date, is_defect, sale_reason, create_date) values (39, 2, '판매자2의 상품', 1, 'UPPER', 'ozb', 45478, true, 'hjjeeinegvpmjllmekxuzfbarzdcwfkiltho', '2023-03-30 21:09:26', true, 'pvfnlxzwypesw', '2022-12-30 09:00:44');
insert into product (id, seller_id, title, category_id, product_grade, brand, price, is_checked_delivery_fee, content, purchase_date, is_defect, sale_reason, create_date) values (40, 2, '판매자2의 상품', 4, 'UPPER', 'dfx', 88779, false, 'invfmuvinfphopzsnkuzwxzuuxrmodxxcnig', '2023-08-11 00:28:39', false, 'segfwhjhstmmd', '2023-04-26 06:19:44');
insert into product (id, seller_id, title, category_id, product_grade, brand, price, is_checked_delivery_fee, content, purchase_date, is_defect, sale_reason, create_date) values (41, 2, '판매자2의 상품', 1, 'UPPER', 'enm', 71235, true, 'duzoujglqwnnteuffkioeftvqlcorcihhcfx', '2023-05-21 22:20:41', false, 'zznasxonndlpe', '2023-02-10 03:00:44');
insert into product (id, seller_id, title, category_id, product_grade, brand, price, is_checked_delivery_fee, content, purchase_date, is_defect, sale_reason, create_date) values (42, 2, '판매자2의 상품', 3, 'UPPER', 'cdi', 97475, false, 'kpzlhhbckzxsvtwdwkhhxlgljvxfdjkcwsfu', '2022-11-13 03:06:32', true, 'imiolgyecjcbn', '2023-06-29 20:59:22');
insert into product (id, seller_id, title, category_id, product_grade, brand, price, is_checked_delivery_fee, content, purchase_date, is_defect, sale_reason, create_date) values (43, 2, '판매자2의 상품', 4, 'UPPER', 'nnd', 10331, true, 'mapnmfopblaxacxbrdngczktvspplwtbsflv', '2023-04-29 18:01:23', false, 'gwltvqvfdztcq', '2023-03-24 23:38:22');
insert into product (id, seller_id, title, category_id, product_grade, brand, price, is_checked_delivery_fee, content, purchase_date, is_defect, sale_reason, create_date) values (44, 2, '판매자2의 상품', 2, 'UPPER', 'wku', 42949, true, 'vhdcislkfdlirzmxrcwbydmpceifqyigfdcq', '2022-12-24 17:23:35', true, 'hdopbhekrwzhb', '2023-01-01 09:29:20');
insert into product (id, seller_id, title, category_id, product_grade, brand, price, is_checked_delivery_fee, content, purchase_date, is_defect, sale_reason, create_date) values (45, 2, '판매자2의 상품', 1, 'UPPER', 'vdc', 25139, false, 'dvsemfhuoeiasscmaxmzmzsfwldfngdrkesw', '2022-10-17 22:52:18', true, 'awfcfntrtxypt', '2022-09-22 00:21:30');
insert into product (id, seller_id, title, category_id, product_grade, brand, price, is_checked_delivery_fee, content, purchase_date, is_defect, sale_reason, create_date) values (46, 2, '판매자2의 상품', 4, 'UPPER', 'apc', 81206, true, 'ifqrikbnycucrqykuszdxisdxqvqfmenoezd', '2022-12-29 06:12:35', true, 'kooficbgaswoz', '2023-01-05 03:43:40');
insert into product (id, seller_id, title, category_id, product_grade, brand, price, is_checked_delivery_fee, content, purchase_date, is_defect, sale_reason, create_date) values (47, 2, '판매자2의 상품', 1, 'UPPER', 'jnd', 77628, true, 'sfiuqowjsqyhjisirlxfvfrqpprpnkyjbfnq', '2022-12-20 21:58:29', false, 'nugbvzsejowqc', '2022-09-02 05:58:38');
insert into product (id, seller_id, title, category_id, product_grade, brand, price, is_checked_delivery_fee, content, purchase_date, is_defect, sale_reason, create_date) values (48, 2, '판매자2의 상품', 4, 'UPPER', 'wbx', 90358, true, 'hogehnhtzkwaggbdkddmiodesxnbjuddgvqf', '2023-06-05 10:09:36', false, 'jsmujiuwdmulf', '2022-12-23 15:55:49');
insert into product (id, seller_id, title, category_id, product_grade, brand, price, is_checked_delivery_fee, content, purchase_date, is_defect, sale_reason, create_date) values (49, 2, '판매자2의 상품', 4, 'UPPER', 'fev', 33132, true, 'fxfanhfqzozbkqmdfyohnnemobkkoocnhqbm', '2023-07-03 08:31:52', false, 'btwuabffxxezz', '2023-08-13 16:40:03');
insert into product (id, seller_id, title, category_id, product_grade, brand, price, is_checked_delivery_fee, content, purchase_date, is_defect, sale_reason, create_date) values (50, 2, '판매자2의 상품', 1, 'UPPER', 'dhu', 42986, false, 'bxcfiwsuamjnrzbbjpiaglodbmewgargvcjb', '2023-04-06 08:43:32', true, 'zvndqwdfznxxr', '2023-01-15 23:10:29');
insert into product (id, seller_id, title, category_id, product_grade, brand, price, is_checked_delivery_fee, content, purchase_date, is_defect, sale_reason, create_date) values (51, 2, '판매자2의 상품', 1, 'UPPER', 'dhu', 42986, false, 'bxcfiwsuamjnrzbbjpiaglodbmewgargvcjb', '2023-04-06 08:43:32', true, 'zvndqwdfznxxr', '2023-01-15 23:10:29');
insert into product (id, seller_id, title, category_id, product_grade, brand, price, is_checked_delivery_fee, content, purchase_date, is_defect, sale_reason, create_date) values (52, 2, '판매자2의 상품', 1, 'UPPER', 'dhu', 42986, false, 'bxcfiwsuamjnrzbbjpiaglodbmewgargvcjb', '2023-04-06 08:43:32', true, 'zvndqwdfznxxr', '2023-01-15 23:10:29');
insert into product (id, seller_id, title, category_id, product_grade, brand, price, is_checked_delivery_fee, content, purchase_date, is_defect, sale_reason, create_date) values (53, 2, '판매자2의 상품', 1, 'UPPER', 'dhu', 42986, false, 'bxcfiwsuamjnrzbbjpiaglodbmewgargvcjb', '2023-04-06 08:43:32', true, 'zvndqwdfznxxr', '2023-01-15 23:10:29');
insert into product (id, seller_id, title, category_id, product_grade, brand, price, is_checked_delivery_fee, content, purchase_date, is_defect, sale_reason, create_date) values (54, 2, '판매자2의 상품', 1, 'UPPER', 'dhu', 42986, false, 'bxcfiwsuamjnrzbbjpiaglodbmewgargvcjb', '2023-04-06 08:43:32', true, 'zvndqwdfznxxr', '2023-01-15 23:10:29');
insert into product (id, seller_id, title, category_id, product_grade, brand, price, is_checked_delivery_fee, content, purchase_date, is_defect, sale_reason, create_date) values (55, 2, '판매자2의 상품', 1, 'UPPER', 'dhu', 42986, false, 'bxcfiwsuamjnrzbbjpiaglodbmewgargvcjb', '2023-04-06 08:43:32', true, 'zvndqwdfznxxr', '2023-01-15 23:10:29');
insert into product (id, seller_id, title, category_id, product_grade, brand, price, is_checked_delivery_fee, content, purchase_date, is_defect, sale_reason, create_date) values (56, 2, '판매자2의 상품', 1, 'UPPER', 'dhu', 42986, false, 'bxcfiwsuamjnrzbbjpiaglodbmewgargvcjb', '2023-04-06 08:43:32', true, 'zvndqwdfznxxr', '2023-01-15 23:10:29');
insert into product (id, seller_id, title, category_id, product_grade, brand, price, is_checked_delivery_fee, content, purchase_date, is_defect, sale_reason, create_date) values (57, 2, '판매자2의 상품', 1, 'UPPER', 'dhu', 42986, false, 'bxcfiwsuamjnrzbbjpiaglodbmewgargvcjb', '2023-04-06 08:43:32', true, 'zvndqwdfznxxr', '2023-01-15 23:10:29');
insert into product (id, seller_id, title, category_id, product_grade, brand, price, is_checked_delivery_fee, content, purchase_date, is_defect, sale_reason, create_date) values (58, 2, '판매자2의 상품', 1, 'UPPER', 'dhu', 42986, false, 'bxcfiwsuamjnrzbbjpiaglodbmewgargvcjb', '2023-04-06 08:43:32', true, 'zvndqwdfznxxr', '2023-01-15 23:10:29');
insert into product (id, seller_id, title, category_id, product_grade, brand, price, is_checked_delivery_fee, content, purchase_date, is_defect, sale_reason, create_date) values (59, 2, '판매자2의 상품', 1, 'UPPER', 'dhu', 42986, false, 'bxcfiwsuamjnrzbbjpiaglodbmewgargvcjb', '2023-04-06 08:43:32', true, 'zvndqwdfznxxr', '2023-01-15 23:10:29');
insert into product (id, seller_id, title, category_id, product_grade, brand, price, is_checked_delivery_fee, content, purchase_date, is_defect, sale_reason, create_date) values (60, 2, '판매자2의 상품', 1, 'UPPER', 'dhu', 42986, false, 'bxcfiwsuamjnrzbbjpiaglodbmewgargvcjb', '2023-04-06 08:43:32', true, 'zvndqwdfznxxr', '2023-01-15 23:10:29');
insert into product (id, seller_id, title, category_id, product_grade, brand, price, is_checked_delivery_fee, content, purchase_date, is_defect, sale_reason, create_date) values (61, 2, '판매자2의 상품', 1, 'UPPER', 'dhu', 42986, false, 'bxcfiwsuamjnrzbbjpiaglodbmewgargvcjb', '2023-04-06 08:43:32', true, 'zvndqwdfznxxr', '2023-01-15 23:10:29');
insert into product (id, seller_id, title, category_id, product_grade, brand, price, is_checked_delivery_fee, content, purchase_date, is_defect, sale_reason, create_date) values (62, 2, '판매자2의 상품', 1, 'UPPER', 'dhu', 42986, false, 'bxcfiwsuamjnrzbbjpiaglodbmewgargvcjb', '2023-04-06 08:43:32', true, 'zvndqwdfznxxr', '2023-01-15 23:10:29');
insert into product (id, seller_id, title, category_id, product_grade, brand, price, is_checked_delivery_fee, content, purchase_date, is_defect, sale_reason, create_date) values (63, 2, '판매자2의 상품', 1, 'UPPER', 'dhu', 42986, false, 'bxcfiwsuamjnrzbbjpiaglodbmewgargvcjb', '2023-04-06 08:43:32', true, 'zvndqwdfznxxr', '2023-01-15 23:10:29');


insert into product_img(is_defect, product_img_url, product_id) values(false, 'https://shroop-s3.s3.ap-northeast-2.amazonaws.com/%E1%84%89%E1%85%B3%E1%84%8F%E1%85%B3%E1%84%85%E1%85%B5%E1%86%AB%E1%84%89%E1%85%A3%E1%86%BA+2023-08-29+%E1%84%8B%E1%85%A9%E1%84%8C%E1%85%A5%E1%86%AB+10.54.28.png', 1);
insert into product_img(is_defect, product_img_url, product_id) values(false, 'https://shroop-s3.s3.ap-northeast-2.amazonaws.com/%E1%84%89%E1%85%B3%E1%84%8F%E1%85%B3%E1%84%85%E1%85%B5%E1%86%AB%E1%84%89%E1%85%A3%E1%86%BA+2023-08-29+%E1%84%8B%E1%85%A9%E1%84%8C%E1%85%A5%E1%86%AB+10.54.28.png', 2);
insert into product_img(is_defect, product_img_url, product_id) values(false, 'https://shroop-s3.s3.ap-northeast-2.amazonaws.com/%E1%84%89%E1%85%B3%E1%84%8F%E1%85%B3%E1%84%85%E1%85%B5%E1%86%AB%E1%84%89%E1%85%A3%E1%86%BA+2023-08-29+%E1%84%8B%E1%85%A9%E1%84%8C%E1%85%A5%E1%86%AB+10.54.28.png', 3);
insert into product_img(is_defect, product_img_url, product_id) values(false, 'https://shroop-s3.s3.ap-northeast-2.amazonaws.com/%E1%84%89%E1%85%B3%E1%84%8F%E1%85%B3%E1%84%85%E1%85%B5%E1%86%AB%E1%84%89%E1%85%A3%E1%86%BA+2023-08-29+%E1%84%8B%E1%85%A9%E1%84%8C%E1%85%A5%E1%86%AB+10.54.28.png', 4);
insert into product_img(is_defect, product_img_url, product_id) values(false, 'https://shroop-s3.s3.ap-northeast-2.amazonaws.com/%E1%84%89%E1%85%B3%E1%84%8F%E1%85%B3%E1%84%85%E1%85%B5%E1%86%AB%E1%84%89%E1%85%A3%E1%86%BA+2023-08-29+%E1%84%8B%E1%85%A9%E1%84%8C%E1%85%A5%E1%86%AB+10.54.28.png', 5);
insert into product_img(is_defect, product_img_url, product_id) values(false, 'https://shroop-s3.s3.ap-northeast-2.amazonaws.com/%E1%84%89%E1%85%B3%E1%84%8F%E1%85%B3%E1%84%85%E1%85%B5%E1%86%AB%E1%84%89%E1%85%A3%E1%86%BA+2023-08-29+%E1%84%8B%E1%85%A9%E1%84%8C%E1%85%A5%E1%86%AB+10.54.28.png', 6);
insert into product_img(is_defect, product_img_url, product_id) values(false, 'https://shroop-s3.s3.ap-northeast-2.amazonaws.com/%E1%84%89%E1%85%B3%E1%84%8F%E1%85%B3%E1%84%85%E1%85%B5%E1%86%AB%E1%84%89%E1%85%A3%E1%86%BA+2023-08-29+%E1%84%8B%E1%85%A9%E1%84%8C%E1%85%A5%E1%86%AB+10.54.28.png', 7);
insert into product_img(is_defect, product_img_url, product_id) values(false, 'https://shroop-s3.s3.ap-northeast-2.amazonaws.com/%E1%84%89%E1%85%B3%E1%84%8F%E1%85%B3%E1%84%85%E1%85%B5%E1%86%AB%E1%84%89%E1%85%A3%E1%86%BA+2023-08-29+%E1%84%8B%E1%85%A9%E1%84%8C%E1%85%A5%E1%86%AB+10.54.28.png', 8);
insert into product_img(is_defect, product_img_url, product_id) values(false, 'https://shroop-s3.s3.ap-northeast-2.amazonaws.com/%E1%84%89%E1%85%B3%E1%84%8F%E1%85%B3%E1%84%85%E1%85%B5%E1%86%AB%E1%84%89%E1%85%A3%E1%86%BA+2023-08-29+%E1%84%8B%E1%85%A9%E1%84%8C%E1%85%A5%E1%86%AB+10.54.28.png', 9);
insert into product_img(is_defect, product_img_url, product_id) values(false, 'https://shroop-s3.s3.ap-northeast-2.amazonaws.com/%E1%84%89%E1%85%B3%E1%84%8F%E1%85%B3%E1%84%85%E1%85%B5%E1%86%AB%E1%84%89%E1%85%A3%E1%86%BA+2023-08-29+%E1%84%8B%E1%85%A9%E1%84%8C%E1%85%A5%E1%86%AB+10.54.28.png', 10);
insert into product_img(is_defect, product_img_url, product_id) values(false, 'https://shroop-s3.s3.ap-northeast-2.amazonaws.com/%E1%84%89%E1%85%B3%E1%84%8F%E1%85%B3%E1%84%85%E1%85%B5%E1%86%AB%E1%84%89%E1%85%A3%E1%86%BA+2023-08-29+%E1%84%8B%E1%85%A9%E1%84%8C%E1%85%A5%E1%86%AB+10.54.28.png', 11);
insert into product_img(is_defect, product_img_url, product_id) values(false, 'https://shroop-s3.s3.ap-northeast-2.amazonaws.com/%E1%84%89%E1%85%B3%E1%84%8F%E1%85%B3%E1%84%85%E1%85%B5%E1%86%AB%E1%84%89%E1%85%A3%E1%86%BA+2023-08-29+%E1%84%8B%E1%85%A9%E1%84%8C%E1%85%A5%E1%86%AB+10.54.28.png', 12);
insert into product_img(is_defect, product_img_url, product_id) values(false, 'https://shroop-s3.s3.ap-northeast-2.amazonaws.com/%E1%84%89%E1%85%B3%E1%84%8F%E1%85%B3%E1%84%85%E1%85%B5%E1%86%AB%E1%84%89%E1%85%A3%E1%86%BA+2023-08-29+%E1%84%8B%E1%85%A9%E1%84%8C%E1%85%A5%E1%86%AB+10.54.28.png', 13);
insert into product_img(is_defect, product_img_url, product_id) values(false, 'https://shroop-s3.s3.ap-northeast-2.amazonaws.com/%E1%84%89%E1%85%B3%E1%84%8F%E1%85%B3%E1%84%85%E1%85%B5%E1%86%AB%E1%84%89%E1%85%A3%E1%86%BA+2023-08-29+%E1%84%8B%E1%85%A9%E1%84%8C%E1%85%A5%E1%86%AB+10.54.28.png', 14);
insert into product_img(is_defect, product_img_url, product_id) values(false, 'https://shroop-s3.s3.ap-northeast-2.amazonaws.com/%E1%84%89%E1%85%B3%E1%84%8F%E1%85%B3%E1%84%85%E1%85%B5%E1%86%AB%E1%84%89%E1%85%A3%E1%86%BA+2023-08-29+%E1%84%8B%E1%85%A9%E1%84%8C%E1%85%A5%E1%86%AB+10.54.28.png', 15);
insert into product_img(is_defect, product_img_url, product_id) values(false, 'https://shroop-s3.s3.ap-northeast-2.amazonaws.com/%E1%84%89%E1%85%B3%E1%84%8F%E1%85%B3%E1%84%85%E1%85%B5%E1%86%AB%E1%84%89%E1%85%A3%E1%86%BA+2023-08-29+%E1%84%8B%E1%85%A9%E1%84%8C%E1%85%A5%E1%86%AB+10.54.28.png', 16);
insert into product_img(is_defect, product_img_url, product_id) values(false, 'https://shroop-s3.s3.ap-northeast-2.amazonaws.com/%E1%84%89%E1%85%B3%E1%84%8F%E1%85%B3%E1%84%85%E1%85%B5%E1%86%AB%E1%84%89%E1%85%A3%E1%86%BA+2023-08-29+%E1%84%8B%E1%85%A9%E1%84%8C%E1%85%A5%E1%86%AB+10.54.28.png', 17);
insert into product_img(is_defect, product_img_url, product_id) values(false, 'https://shroop-s3.s3.ap-northeast-2.amazonaws.com/%E1%84%89%E1%85%B3%E1%84%8F%E1%85%B3%E1%84%85%E1%85%B5%E1%86%AB%E1%84%89%E1%85%A3%E1%86%BA+2023-08-29+%E1%84%8B%E1%85%A9%E1%84%8C%E1%85%A5%E1%86%AB+10.54.28.png', 18);
insert into product_img(is_defect, product_img_url, product_id) values(false, 'https://shroop-s3.s3.ap-northeast-2.amazonaws.com/%E1%84%89%E1%85%B3%E1%84%8F%E1%85%B3%E1%84%85%E1%85%B5%E1%86%AB%E1%84%89%E1%85%A3%E1%86%BA+2023-08-29+%E1%84%8B%E1%85%A9%E1%84%8C%E1%85%A5%E1%86%AB+10.54.28.png', 19);
insert into product_img(is_defect, product_img_url, product_id) values(false, 'https://shroop-s3.s3.ap-northeast-2.amazonaws.com/%E1%84%89%E1%85%B3%E1%84%8F%E1%85%B3%E1%84%85%E1%85%B5%E1%86%AB%E1%84%89%E1%85%A3%E1%86%BA+2023-08-29+%E1%84%8B%E1%85%A9%E1%84%8C%E1%85%A5%E1%86%AB+10.54.28.png', 20);
insert into product_img(is_defect, product_img_url, product_id) values(false, 'https://shroop-s3.s3.ap-northeast-2.amazonaws.com/%E1%84%89%E1%85%B3%E1%84%8F%E1%85%B3%E1%84%85%E1%85%B5%E1%86%AB%E1%84%89%E1%85%A3%E1%86%BA+2023-08-29+%E1%84%8B%E1%85%A9%E1%84%8C%E1%85%A5%E1%86%AB+10.54.28.png', 21);
insert into product_img(is_defect, product_img_url, product_id) values(false, 'https://shroop-s3.s3.ap-northeast-2.amazonaws.com/%E1%84%89%E1%85%B3%E1%84%8F%E1%85%B3%E1%84%85%E1%85%B5%E1%86%AB%E1%84%89%E1%85%A3%E1%86%BA+2023-08-29+%E1%84%8B%E1%85%A9%E1%84%8C%E1%85%A5%E1%86%AB+10.54.28.png', 22);
insert into product_img(is_defect, product_img_url, product_id) values(false, 'https://shroop-s3.s3.ap-northeast-2.amazonaws.com/%E1%84%89%E1%85%B3%E1%84%8F%E1%85%B3%E1%84%85%E1%85%B5%E1%86%AB%E1%84%89%E1%85%A3%E1%86%BA+2023-08-29+%E1%84%8B%E1%85%A9%E1%84%8C%E1%85%A5%E1%86%AB+10.54.28.png', 23);
insert into product_img(is_defect, product_img_url, product_id) values(false, 'https://shroop-s3.s3.ap-northeast-2.amazonaws.com/%E1%84%89%E1%85%B3%E1%84%8F%E1%85%B3%E1%84%85%E1%85%B5%E1%86%AB%E1%84%89%E1%85%A3%E1%86%BA+2023-08-29+%E1%84%8B%E1%85%A9%E1%84%8C%E1%85%A5%E1%86%AB+10.54.28.png', 24);
insert into product_img(is_defect, product_img_url, product_id) values(false, 'https://shroop-s3.s3.ap-northeast-2.amazonaws.com/%E1%84%89%E1%85%B3%E1%84%8F%E1%85%B3%E1%84%85%E1%85%B5%E1%86%AB%E1%84%89%E1%85%A3%E1%86%BA+2023-08-29+%E1%84%8B%E1%85%A9%E1%84%8C%E1%85%A5%E1%86%AB+10.54.28.png', 25);
insert into product_img(is_defect, product_img_url, product_id) values(false, 'https://shroop-s3.s3.ap-northeast-2.amazonaws.com/%E1%84%89%E1%85%B3%E1%84%8F%E1%85%B3%E1%84%85%E1%85%B5%E1%86%AB%E1%84%89%E1%85%A3%E1%86%BA+2023-08-29+%E1%84%8B%E1%85%A9%E1%84%8C%E1%85%A5%E1%86%AB+10.54.28.png', 26);
insert into product_img(is_defect, product_img_url, product_id) values(false, 'https://shroop-s3.s3.ap-northeast-2.amazonaws.com/%E1%84%89%E1%85%B3%E1%84%8F%E1%85%B3%E1%84%85%E1%85%B5%E1%86%AB%E1%84%89%E1%85%A3%E1%86%BA+2023-08-29+%E1%84%8B%E1%85%A9%E1%84%8C%E1%85%A5%E1%86%AB+10.54.28.png', 27);
insert into product_img(is_defect, product_img_url, product_id) values(false, 'https://shroop-s3.s3.ap-northeast-2.amazonaws.com/%E1%84%89%E1%85%B3%E1%84%8F%E1%85%B3%E1%84%85%E1%85%B5%E1%86%AB%E1%84%89%E1%85%A3%E1%86%BA+2023-08-29+%E1%84%8B%E1%85%A9%E1%84%8C%E1%85%A5%E1%86%AB+10.54.28.png', 28);
insert into product_img(is_defect, product_img_url, product_id) values(false, 'https://shroop-s3.s3.ap-northeast-2.amazonaws.com/%E1%84%89%E1%85%B3%E1%84%8F%E1%85%B3%E1%84%85%E1%85%B5%E1%86%AB%E1%84%89%E1%85%A3%E1%86%BA+2023-08-29+%E1%84%8B%E1%85%A9%E1%84%8C%E1%85%A5%E1%86%AB+10.54.28.png', 29);
insert into product_img(is_defect, product_img_url, product_id) values(false, 'https://shroop-s3.s3.ap-northeast-2.amazonaws.com/%E1%84%89%E1%85%B3%E1%84%8F%E1%85%B3%E1%84%85%E1%85%B5%E1%86%AB%E1%84%89%E1%85%A3%E1%86%BA+2023-08-29+%E1%84%8B%E1%85%A9%E1%84%8C%E1%85%A5%E1%86%AB+10.54.28.png', 30);
insert into product_img(is_defect, product_img_url, product_id) values(false, 'https://shroop-s3.s3.ap-northeast-2.amazonaws.com/%E1%84%89%E1%85%B3%E1%84%8F%E1%85%B3%E1%84%85%E1%85%B5%E1%86%AB%E1%84%89%E1%85%A3%E1%86%BA+2023-08-29+%E1%84%8B%E1%85%A9%E1%84%8C%E1%85%A5%E1%86%AB+10.54.28.png', 31);
insert into product_img(is_defect, product_img_url, product_id) values(false, 'https://shroop-s3.s3.ap-northeast-2.amazonaws.com/%E1%84%89%E1%85%B3%E1%84%8F%E1%85%B3%E1%84%85%E1%85%B5%E1%86%AB%E1%84%89%E1%85%A3%E1%86%BA+2023-08-29+%E1%84%8B%E1%85%A9%E1%84%8C%E1%85%A5%E1%86%AB+10.54.28.png', 32);
insert into product_img(is_defect, product_img_url, product_id) values(false, 'https://shroop-s3.s3.ap-northeast-2.amazonaws.com/%E1%84%89%E1%85%B3%E1%84%8F%E1%85%B3%E1%84%85%E1%85%B5%E1%86%AB%E1%84%89%E1%85%A3%E1%86%BA+2023-08-29+%E1%84%8B%E1%85%A9%E1%84%8C%E1%85%A5%E1%86%AB+10.54.28.png', 33);
insert into product_img(is_defect, product_img_url, product_id) values(false, 'https://shroop-s3.s3.ap-northeast-2.amazonaws.com/%E1%84%89%E1%85%B3%E1%84%8F%E1%85%B3%E1%84%85%E1%85%B5%E1%86%AB%E1%84%89%E1%85%A3%E1%86%BA+2023-08-29+%E1%84%8B%E1%85%A9%E1%84%8C%E1%85%A5%E1%86%AB+10.54.28.png', 34);
insert into product_img(is_defect, product_img_url, product_id) values(false, 'https://shroop-s3.s3.ap-northeast-2.amazonaws.com/%E1%84%89%E1%85%B3%E1%84%8F%E1%85%B3%E1%84%85%E1%85%B5%E1%86%AB%E1%84%89%E1%85%A3%E1%86%BA+2023-08-29+%E1%84%8B%E1%85%A9%E1%84%8C%E1%85%A5%E1%86%AB+10.54.28.png', 35);
insert into product_img(is_defect, product_img_url, product_id) values(false, 'https://shroop-s3.s3.ap-northeast-2.amazonaws.com/%E1%84%89%E1%85%B3%E1%84%8F%E1%85%B3%E1%84%85%E1%85%B5%E1%86%AB%E1%84%89%E1%85%A3%E1%86%BA+2023-08-29+%E1%84%8B%E1%85%A9%E1%84%8C%E1%85%A5%E1%86%AB+10.54.28.png', 36);
insert into product_img(is_defect, product_img_url, product_id) values(false, 'https://shroop-s3.s3.ap-northeast-2.amazonaws.com/%E1%84%89%E1%85%B3%E1%84%8F%E1%85%B3%E1%84%85%E1%85%B5%E1%86%AB%E1%84%89%E1%85%A3%E1%86%BA+2023-08-29+%E1%84%8B%E1%85%A9%E1%84%8C%E1%85%A5%E1%86%AB+10.54.28.png', 37);
insert into product_img(is_defect, product_img_url, product_id) values(false, 'https://shroop-s3.s3.ap-northeast-2.amazonaws.com/%E1%84%89%E1%85%B3%E1%84%8F%E1%85%B3%E1%84%85%E1%85%B5%E1%86%AB%E1%84%89%E1%85%A3%E1%86%BA+2023-08-29+%E1%84%8B%E1%85%A9%E1%84%8C%E1%85%A5%E1%86%AB+10.54.28.png', 38);
insert into product_img(is_defect, product_img_url, product_id) values(false, 'https://shroop-s3.s3.ap-northeast-2.amazonaws.com/%E1%84%89%E1%85%B3%E1%84%8F%E1%85%B3%E1%84%85%E1%85%B5%E1%86%AB%E1%84%89%E1%85%A3%E1%86%BA+2023-08-29+%E1%84%8B%E1%85%A9%E1%84%8C%E1%85%A5%E1%86%AB+10.54.28.png', 39);
insert into product_img(is_defect, product_img_url, product_id) values(false, 'https://shroop-s3.s3.ap-northeast-2.amazonaws.com/%E1%84%89%E1%85%B3%E1%84%8F%E1%85%B3%E1%84%85%E1%85%B5%E1%86%AB%E1%84%89%E1%85%A3%E1%86%BA+2023-08-29+%E1%84%8B%E1%85%A9%E1%84%8C%E1%85%A5%E1%86%AB+10.54.28.png', 40);
insert into product_img(is_defect, product_img_url, product_id) values(false, 'https://shroop-s3.s3.ap-northeast-2.amazonaws.com/%E1%84%89%E1%85%B3%E1%84%8F%E1%85%B3%E1%84%85%E1%85%B5%E1%86%AB%E1%84%89%E1%85%A3%E1%86%BA+2023-08-29+%E1%84%8B%E1%85%A9%E1%84%8C%E1%85%A5%E1%86%AB+10.54.28.png', 41);
insert into product_img(is_defect, product_img_url, product_id) values(false, 'https://shroop-s3.s3.ap-northeast-2.amazonaws.com/%E1%84%89%E1%85%B3%E1%84%8F%E1%85%B3%E1%84%85%E1%85%B5%E1%86%AB%E1%84%89%E1%85%A3%E1%86%BA+2023-08-29+%E1%84%8B%E1%85%A9%E1%84%8C%E1%85%A5%E1%86%AB+10.54.28.png', 42);
insert into product_img(is_defect, product_img_url, product_id) values(false, 'https://shroop-s3.s3.ap-northeast-2.amazonaws.com/%E1%84%89%E1%85%B3%E1%84%8F%E1%85%B3%E1%84%85%E1%85%B5%E1%86%AB%E1%84%89%E1%85%A3%E1%86%BA+2023-08-29+%E1%84%8B%E1%85%A9%E1%84%8C%E1%85%A5%E1%86%AB+10.54.28.png', 43);
insert into product_img(is_defect, product_img_url, product_id) values(false, 'https://shroop-s3.s3.ap-northeast-2.amazonaws.com/%E1%84%89%E1%85%B3%E1%84%8F%E1%85%B3%E1%84%85%E1%85%B5%E1%86%AB%E1%84%89%E1%85%A3%E1%86%BA+2023-08-29+%E1%84%8B%E1%85%A9%E1%84%8C%E1%85%A5%E1%86%AB+10.54.28.png', 44);
insert into product_img(is_defect, product_img_url, product_id) values(false, 'https://shroop-s3.s3.ap-northeast-2.amazonaws.com/%E1%84%89%E1%85%B3%E1%84%8F%E1%85%B3%E1%84%85%E1%85%B5%E1%86%AB%E1%84%89%E1%85%A3%E1%86%BA+2023-08-29+%E1%84%8B%E1%85%A9%E1%84%8C%E1%85%A5%E1%86%AB+10.54.28.png', 45);
insert into product_img(is_defect, product_img_url, product_id) values(false, 'https://shroop-s3.s3.ap-northeast-2.amazonaws.com/%E1%84%89%E1%85%B3%E1%84%8F%E1%85%B3%E1%84%85%E1%85%B5%E1%86%AB%E1%84%89%E1%85%A3%E1%86%BA+2023-08-29+%E1%84%8B%E1%85%A9%E1%84%8C%E1%85%A5%E1%86%AB+10.54.28.png', 46);
insert into product_img(is_defect, product_img_url, product_id) values(false, 'https://shroop-s3.s3.ap-northeast-2.amazonaws.com/%E1%84%89%E1%85%B3%E1%84%8F%E1%85%B3%E1%84%85%E1%85%B5%E1%86%AB%E1%84%89%E1%85%A3%E1%86%BA+2023-08-29+%E1%84%8B%E1%85%A9%E1%84%8C%E1%85%A5%E1%86%AB+10.54.28.png', 47);
insert into product_img(is_defect, product_img_url, product_id) values(false, 'https://shroop-s3.s3.ap-northeast-2.amazonaws.com/%E1%84%89%E1%85%B3%E1%84%8F%E1%85%B3%E1%84%85%E1%85%B5%E1%86%AB%E1%84%89%E1%85%A3%E1%86%BA+2023-08-29+%E1%84%8B%E1%85%A9%E1%84%8C%E1%85%A5%E1%86%AB+10.54.28.png', 48);
insert into product_img(is_defect, product_img_url, product_id) values(false, 'https://shroop-s3.s3.ap-northeast-2.amazonaws.com/%E1%84%89%E1%85%B3%E1%84%8F%E1%85%B3%E1%84%85%E1%85%B5%E1%86%AB%E1%84%89%E1%85%A3%E1%86%BA+2023-08-29+%E1%84%8B%E1%85%A9%E1%84%8C%E1%85%A5%E1%86%AB+10.54.28.png', 49);
insert into product_img(is_defect, product_img_url, product_id) values(false, 'https://shroop-s3.s3.ap-northeast-2.amazonaws.com/%E1%84%89%E1%85%B3%E1%84%8F%E1%85%B3%E1%84%85%E1%85%B5%E1%86%AB%E1%84%89%E1%85%A3%E1%86%BA+2023-08-29+%E1%84%8B%E1%85%A9%E1%84%8C%E1%85%A5%E1%86%AB+10.54.28.png', 50);
insert into product_img(is_defect, product_img_url, product_id) values(false, 'https://shroop-s3.s3.ap-northeast-2.amazonaws.com/%E1%84%89%E1%85%B3%E1%84%8F%E1%85%B3%E1%84%85%E1%85%B5%E1%86%AB%E1%84%89%E1%85%A3%E1%86%BA+2023-08-29+%E1%84%8B%E1%85%A9%E1%84%8C%E1%85%A5%E1%86%AB+10.54.28.png', 51);
insert into product_img(is_defect, product_img_url, product_id) values(false, 'https://shroop-s3.s3.ap-northeast-2.amazonaws.com/%E1%84%89%E1%85%B3%E1%84%8F%E1%85%B3%E1%84%85%E1%85%B5%E1%86%AB%E1%84%89%E1%85%A3%E1%86%BA+2023-08-29+%E1%84%8B%E1%85%A9%E1%84%8C%E1%85%A5%E1%86%AB+10.54.28.png', 52);
insert into product_img(is_defect, product_img_url, product_id) values(false, 'https://shroop-s3.s3.ap-northeast-2.amazonaws.com/%E1%84%89%E1%85%B3%E1%84%8F%E1%85%B3%E1%84%85%E1%85%B5%E1%86%AB%E1%84%89%E1%85%A3%E1%86%BA+2023-08-29+%E1%84%8B%E1%85%A9%E1%84%8C%E1%85%A5%E1%86%AB+10.54.28.png', 53);
insert into product_img(is_defect, product_img_url, product_id) values(false, 'https://shroop-s3.s3.ap-northeast-2.amazonaws.com/%E1%84%89%E1%85%B3%E1%84%8F%E1%85%B3%E1%84%85%E1%85%B5%E1%86%AB%E1%84%89%E1%85%A3%E1%86%BA+2023-08-29+%E1%84%8B%E1%85%A9%E1%84%8C%E1%85%A5%E1%86%AB+10.54.28.png', 54);
insert into product_img(is_defect, product_img_url, product_id) values(false, 'https://shroop-s3.s3.ap-northeast-2.amazonaws.com/%E1%84%89%E1%85%B3%E1%84%8F%E1%85%B3%E1%84%85%E1%85%B5%E1%86%AB%E1%84%89%E1%85%A3%E1%86%BA+2023-08-29+%E1%84%8B%E1%85%A9%E1%84%8C%E1%85%A5%E1%86%AB+10.54.28.png', 55);
insert into product_img(is_defect, product_img_url, product_id) values(false, 'https://shroop-s3.s3.ap-northeast-2.amazonaws.com/%E1%84%89%E1%85%B3%E1%84%8F%E1%85%B3%E1%84%85%E1%85%B5%E1%86%AB%E1%84%89%E1%85%A3%E1%86%BA+2023-08-29+%E1%84%8B%E1%85%A9%E1%84%8C%E1%85%A5%E1%86%AB+10.54.28.png', 56);
insert into product_img(is_defect, product_img_url, product_id) values(false, 'https://shroop-s3.s3.ap-northeast-2.amazonaws.com/%E1%84%89%E1%85%B3%E1%84%8F%E1%85%B3%E1%84%85%E1%85%B5%E1%86%AB%E1%84%89%E1%85%A3%E1%86%BA+2023-08-29+%E1%84%8B%E1%85%A9%E1%84%8C%E1%85%A5%E1%86%AB+10.54.28.png', 57);
insert into product_img(is_defect, product_img_url, product_id) values(false, 'https://shroop-s3.s3.ap-northeast-2.amazonaws.com/%E1%84%89%E1%85%B3%E1%84%8F%E1%85%B3%E1%84%85%E1%85%B5%E1%86%AB%E1%84%89%E1%85%A3%E1%86%BA+2023-08-29+%E1%84%8B%E1%85%A9%E1%84%8C%E1%85%A5%E1%86%AB+10.54.28.png', 58);
insert into product_img(is_defect, product_img_url, product_id) values(false, 'https://shroop-s3.s3.ap-northeast-2.amazonaws.com/%E1%84%89%E1%85%B3%E1%84%8F%E1%85%B3%E1%84%85%E1%85%B5%E1%86%AB%E1%84%89%E1%85%A3%E1%86%BA+2023-08-29+%E1%84%8B%E1%85%A9%E1%84%8C%E1%85%A5%E1%86%AB+10.54.28.png', 59);
insert into product_img(is_defect, product_img_url, product_id) values(false, 'https://shroop-s3.s3.ap-northeast-2.amazonaws.com/%E1%84%89%E1%85%B3%E1%84%8F%E1%85%B3%E1%84%85%E1%85%B5%E1%86%AB%E1%84%89%E1%85%A3%E1%86%BA+2023-08-29+%E1%84%8B%E1%85%A9%E1%84%8C%E1%85%A5%E1%86%AB+10.54.28.png', 60);
insert into product_img(is_defect, product_img_url, product_id) values(false, 'https://shroop-s3.s3.ap-northeast-2.amazonaws.com/%E1%84%89%E1%85%B3%E1%84%8F%E1%85%B3%E1%84%85%E1%85%B5%E1%86%AB%E1%84%89%E1%85%A3%E1%86%BA+2023-08-29+%E1%84%8B%E1%85%A9%E1%84%8C%E1%85%A5%E1%86%AB+10.54.28.png', 61);
insert into product_img(is_defect, product_img_url, product_id) values(false, 'https://shroop-s3.s3.ap-northeast-2.amazonaws.com/%E1%84%89%E1%85%B3%E1%84%8F%E1%85%B3%E1%84%85%E1%85%B5%E1%86%AB%E1%84%89%E1%85%A3%E1%86%BA+2023-08-29+%E1%84%8B%E1%85%A9%E1%84%8C%E1%85%A5%E1%86%AB+10.54.28.png', 62);
insert into product_img(is_defect, product_img_url, product_id) values(false, 'https://shroop-s3.s3.ap-northeast-2.amazonaws.com/%E1%84%89%E1%85%B3%E1%84%8F%E1%85%B3%E1%84%85%E1%85%B5%E1%86%AB%E1%84%89%E1%85%A3%E1%86%BA+2023-08-29+%E1%84%8B%E1%85%A9%E1%84%8C%E1%85%A5%E1%86%AB+10.54.28.png', 63);


insert into transaction (id, buyer_id, seller_id, product_id, status, buyer_name, buyer_phone_number, buyer_location, create_date) values (1, 2, 1, 1, 'PURCHASE_REQUEST', '이종민', '01024712939', 'blv', '2022-10-25 11:38:11');
insert into transaction (id, buyer_id, seller_id, product_id, status, buyer_name, buyer_phone_number, buyer_location, create_date) values (2, 2, 1, 2, 'PURCHASE_REQUEST', '이종민', '01096036965', 'epb', '2023-06-30 21:22:52');
insert into transaction (id, buyer_id, seller_id, product_id, status, buyer_name, buyer_phone_number, buyer_location, create_date) values (3, 2, 1, 3, 'PURCHASE_REQUEST', '이종민', '01020381804', 'ouv', '2023-04-19 04:16:21');
insert into transaction (id, buyer_id, seller_id, product_id, status, buyer_name, buyer_phone_number, buyer_location, create_date) values (4, 2, 1, 4, 'PURCHASE_REQUEST', '이종민', '01043581831', 'ypx', '2023-01-20 00:00:20');
insert into transaction (id, buyer_id, seller_id, product_id, status, buyer_name, buyer_phone_number, buyer_location, create_date) values (5, 2, 1, 5, 'PURCHASE_REQUEST', '이종민', '01060214345', 'glg', '2022-10-19 15:03:05');
insert into transaction (id, buyer_id, seller_id, product_id, status, buyer_name, buyer_phone_number, buyer_location, create_date) values (6, 2, 1, 6, 'PURCHASE_REQUEST', '이종민', '01081491137', 'duk', '2023-01-23 08:21:23');
insert into transaction (id, buyer_id, seller_id, product_id, status, buyer_name, buyer_phone_number, buyer_location, create_date) values (7, 2, 1, 7, 'PURCHASE_REQUEST', '이종민', '01043262012', 'yhu', '2023-01-20 03:13:33');
insert into transaction (id, buyer_id, seller_id, product_id, status, buyer_name, buyer_phone_number, buyer_location, create_date) values (8, 2, 1, 8, 'PURCHASE_REQUEST', '이종민', '01006301685', 'yau', '2023-02-26 06:45:53');
insert into transaction (id, buyer_id, seller_id, product_id, status, buyer_name, buyer_phone_number, buyer_location, create_date) values (9, 2, 1, 9, 'PURCHASE_REQUEST', '이종민', '01031951634', 'ito', '2022-10-15 02:04:19');
insert into transaction (id, buyer_id, seller_id, product_id, status, buyer_name, buyer_phone_number, buyer_location, create_date) values (10, 2, 1, 10, 'PURCHASE_REQUEST', '이종민', '01081444445', 'nre', '2022-10-01 21:53:01');
insert into transaction (id, buyer_id, seller_id, product_id, status, buyer_name, buyer_phone_number, buyer_location, create_date) values (11, 2, 1, 11, 'PURCHASE_REQUEST', '이종민', '01077013354', 'uak', '2023-01-26 17:17:23');
insert into transaction (id, buyer_id, seller_id, product_id, status, buyer_name, buyer_phone_number, buyer_location, create_date) values (12, 2, 1, 12, 'PURCHASE_REQUEST', '이종민', '01011780732', 'rcl', '2023-07-17 07:06:45');
insert into transaction (id, buyer_id, seller_id, product_id, status, buyer_name, buyer_phone_number, buyer_location, create_date) values (13, 2, 1, 13, 'PURCHASE_REQUEST', '이종민', '01043429414', 'dni', '2023-01-13 07:06:36');
insert into transaction (id, buyer_id, seller_id, product_id, status, buyer_name, buyer_phone_number, buyer_location, create_date) values (14, 2, 1, 14, 'PURCHASE_REQUEST', '이종민', '01052532376', 'tha', '2022-11-30 05:44:25');
insert into transaction (id, buyer_id, seller_id, product_id, status, buyer_name, buyer_phone_number, buyer_location, create_date) values (15, 2, 1, 15, 'PURCHASE_REQUEST', '이종민', '01025689272', 'xkr', '2022-11-30 01:13:40');
insert into transaction (id, buyer_id, seller_id, product_id, status, buyer_name, buyer_phone_number, buyer_location, create_date) values (16, 2, 1, 16, 'PURCHASE_REQUEST', '이종민', '01000929816', 'bui', '2023-03-24 14:38:29');
insert into transaction (id, buyer_id, seller_id, product_id, status, buyer_name, buyer_phone_number, buyer_location, create_date) values (17, 2, 1, 17, 'COMPLETE', '이종민', '01058316627', 'bel', '2023-02-05 18:09:50');
insert into transaction (id, buyer_id, seller_id, product_id, status, buyer_name, buyer_phone_number, buyer_location, create_date) values (18, 2, 1, 18, 'COMPLETE', '이종민', '01069023120', 'owy', '2023-01-20 03:16:43');
insert into transaction (id, buyer_id, seller_id, product_id, status, buyer_name, buyer_phone_number, buyer_location, create_date) values (19, 2, 1, 19, 'COMPLETE', '이종민', '01037820327', 'agn', '2023-03-25 18:35:22');
insert into transaction (id, buyer_id, seller_id, product_id, status, buyer_name, buyer_phone_number, buyer_location, create_date) values (20, 2, 1, 20, 'COMPLETE', '이종민', '01027486542', 'ylh', '2023-08-24 14:27:12');
insert into transaction (id, buyer_id, seller_id, product_id, status, buyer_name, buyer_phone_number, buyer_location, create_date) values (21, 2, 1, 21, 'COMPLETE', '이종민', '01019589171', 'cen', '2022-09-05 06:21:37');
insert into transaction (id, buyer_id, seller_id, product_id, status, buyer_name, buyer_phone_number, buyer_location, create_date) values (22, 2, 1, 22, 'COMPLETE', '이종민', '01067928244', 'jto', '2022-10-27 00:02:47');
insert into transaction (id, buyer_id, seller_id, product_id, status, buyer_name, buyer_phone_number, buyer_location, create_date) values (23, 2, 1, 23, 'COMPLETE', '이종민', '01095671356', 'poo', '2022-10-22 23:11:28');
insert into transaction (id, buyer_id, seller_id, product_id, status, buyer_name, buyer_phone_number, buyer_location, create_date) values (24, 2, 1, 24, 'COMPLETE', '이종민', '01049832806', 'dig', '2023-01-12 06:08:03');
insert into transaction (id, buyer_id, seller_id, product_id, status, buyer_name, buyer_phone_number, buyer_location, create_date) values (25, 2, 1, 25, 'RETURN_COMPLETE', '이종민', '01085966384', 'cvz', '2023-06-27 16:33:12');
insert into transaction (id, buyer_id, seller_id, product_id, status, buyer_name, buyer_phone_number, buyer_location, create_date) values (26, 2, 1, 26, 'RETURN_COMPLETE', '이종민', '01044245120', 'joy', '2022-12-01 11:29:44');
insert into transaction (id, buyer_id, seller_id, product_id, status, buyer_name, buyer_phone_number, buyer_location, create_date) values (27, 2, 1, 27, 'RETURN_COMPLETE', '이종민', '01028067982', 'dcd', '2023-04-02 23:01:51');
insert into transaction (id, buyer_id, seller_id, product_id, status, buyer_name, buyer_phone_number, buyer_location, create_date) values (28, 1, 2, 28, 'RETURN_COMPLETE', '공태식', '01063502747', 'kwt', '2022-12-17 17:11:05');
insert into transaction (id, buyer_id, seller_id, product_id, status, buyer_name, buyer_phone_number, buyer_location, create_date) values (29, 1, 2, 29, 'RETURN_COMPLETE', '공태식', '01055413540', 'isy', '2022-11-06 11:59:10');
insert into transaction (id, buyer_id, seller_id, product_id, status, buyer_name, buyer_phone_number, buyer_location, create_date) values (30, 1, 2, 30, 'RETURN_COMPLETE', '공태식', '01086659479', 'dee', '2023-05-12 04:18:34');
insert into transaction (id, buyer_id, seller_id, product_id, status, buyer_name, buyer_phone_number, buyer_location, create_date) values (31, 1, 2, 31, 'RETURN_COMPLETE', '공태식', '01087680763', 'ogs', '2022-09-05 15:21:48');
insert into transaction (id, buyer_id, seller_id, product_id, status, buyer_name, buyer_phone_number, buyer_location, create_date) values (32, 1, 2, 32, 'RETURN_COMPLETE', '공태식', '01044395479', 'heb', '2023-07-09 10:29:47');
insert into transaction (id, buyer_id, seller_id, product_id, status, buyer_name, buyer_phone_number, buyer_location, create_date) values (33, 1, 2, 33, 'RETURN_COMPLETE', '공태식', '01047781890', 'eps', '2023-01-07 12:58:35');
insert into transaction (id, buyer_id, seller_id, product_id, status, buyer_name, buyer_phone_number, buyer_location, create_date) values (34, 1, 2, 34, 'RETURN_COMPLETE', '공태식', '01073403585', 'asw', '2023-03-21 17:39:07');
insert into transaction (id, buyer_id, seller_id, product_id, status, buyer_name, buyer_phone_number, buyer_location, create_date) values (35, 1, 2, 35, 'RETURN_REQUEST', '공태식', '01017371931', 'pkz', '2023-02-11 03:54:37');
insert into transaction (id, buyer_id, seller_id, product_id, status, buyer_name, buyer_phone_number, buyer_location, create_date) values (36, 1, 2, 36, 'RETURN_REQUEST', '공태식', '01036244722', 'xyv', '2022-08-31 03:13:01');
insert into transaction (id, buyer_id, seller_id, product_id, status, buyer_name, buyer_phone_number, buyer_location, create_date) values (37, 1, 2, 37, 'RETURN_REQUEST', '공태식', '01032192031', 'ote', '2023-07-15 23:27:06');
insert into transaction (id, buyer_id, seller_id, product_id, status, buyer_name, buyer_phone_number, buyer_location, create_date) values (38, 1, 2, 38, 'RETURN_REQUEST', '공태식', '01062292593', 'rbw', '2023-01-20 12:44:15');
insert into transaction (id, buyer_id, seller_id, product_id, status, buyer_name, buyer_phone_number, buyer_location, create_date) values (39, 1, 2, 39, 'RETURN_REQUEST', '공태식', '01007961141', 'zsu', '2023-02-22 22:30:59');
insert into transaction (id, buyer_id, seller_id, product_id, status, buyer_name, buyer_phone_number, buyer_location, create_date) values (40, 1, 2, 40, 'PURCHASE_CONFIRM', '공태식', '01003372827', 'yzu', '2022-09-29 10:50:04');
insert into transaction (id, buyer_id, seller_id, product_id, status, buyer_name, buyer_phone_number, buyer_location, create_date) values (41, 1, 2, 41, 'PURCHASE_CONFIRM', '공태식', '01027188138', 'ymq', '2023-03-18 17:29:34');
insert into transaction (id, buyer_id, seller_id, product_id, status, buyer_name, buyer_phone_number, buyer_location, create_date) values (42, 1, 2, 42, 'PURCHASE_CONFIRM', '공태식', '01096622036', 'qgs', '2022-12-22 17:05:56');
insert into transaction (id, buyer_id, seller_id, product_id, status, buyer_name, buyer_phone_number, buyer_location, create_date) values (43, 1, 2, 43, 'PURCHASE_CONFIRM', '공태식', '01088525915', 'xjx', '2022-10-14 19:45:01');
insert into transaction (id, buyer_id, seller_id, product_id, status, buyer_name, buyer_phone_number, buyer_location, create_date) values (44, 1, 2, 44, 'PURCHASE_CONFIRM', '공태식', '01039526388', 'ozf', '2022-09-29 20:42:03');
insert into transaction (id, buyer_id, seller_id, product_id, status, buyer_name, buyer_phone_number, buyer_location, create_date) values (45, 1, 2, 45, 'PURCHASE_CONFIRM', '공태식', '01095916373', 'emz', '2022-11-20 22:05:01');
insert into transaction (id, buyer_id, seller_id, product_id, status, buyer_name, buyer_phone_number, buyer_location, create_date) values (46, 1, 2, 46, 'PURCHASE_CONFIRM', '공태식', '01011854023', 'ilx', '2023-04-04 08:34:06');
insert into transaction (id, buyer_id, seller_id, product_id, status, buyer_name, buyer_phone_number, buyer_location, create_date) values (47, 1, 2, 47, 'PURCHASE_CONFIRM', '공태식', '01025965629', 'mwf', '2023-07-19 16:41:52');
insert into transaction (id, buyer_id, seller_id, product_id, status, buyer_name, buyer_phone_number, buyer_location, create_date) values (48, 1, 2, 48, 'RETURN_REQUEST', '공태식', '01014328912', 'bfa', '2022-11-19 02:32:53');
insert into transaction (id, buyer_id, seller_id, product_id, status, buyer_name, buyer_phone_number, buyer_location, create_date) values (49, 1, 2, 49, 'RETURN_COMPLETE', '공태식', '01033538540', 'nqs', '2022-09-13 21:41:45');
insert into transaction (id, buyer_id, seller_id, product_id, status, buyer_name, buyer_phone_number, buyer_location, create_date) values (50, 1, 2, 50, 'COMPLETE', '공태식', '01057637390', 'fkd', '2023-05-23 15:36:34');

select count(*) from product where seller_id=2;