

insert into bank (id, account, name, money) values (1, '002-93949697-003', '슈룹', 0);
insert into bank (id, account, name) values (2, '002-106607-01-016', '이종민');
insert into bank (id, account, name) values (3, '01085518532', '공태식');
insert into bank (id, account, name) values (4, '01030831889', '박진영');
insert into bank (id, account, name) values (5, '01054834790', '박지윤');
insert into bank (id, account, name) values (6, '01054834792', 'test6');

## admin 비밀번호는 전부 's93949697!'

insert into member (id, check_agree, create_date, login_date, login_id, nickname, password ,phone_number, point, role, update_date, account) values (1, 1,'2023-04-07 17:45:22','2023-04-07 17:45:22', 'shroop',  '슈룹', '$2y$10$F26pbdd5v2A3NAplkgh9YujhqcbE7Jto2emEZg516FBwapp0XGKJC', '01093949697', 0, 'ROLE_ADMIN', '2023-04-07 17:45:22', '002-93949697-003');
insert into member (id, check_agree, create_date, login_date, login_id, nickname, password ,phone_number, point, role, update_date, account) values (2, 1,'2023-04-07 17:45:22','2023-04-07 17:45:22', 'leejongmin',  '밍구', '$2y$10$F26pbdd5v2A3NAplkgh9YujhqcbE7Jto2emEZg516FBwapp0XGKJC', '01050595727', 1000000, 'ROLE_ADMIN', '2023-04-07 17:45:22', '002-106607-01-016');
insert into member (id, check_agree, create_date, login_date, login_id, nickname, password ,phone_number, point, role, update_date, account) values (3, 1,'2023-04-07 17:45:22','2023-04-07 17:45:22', 'gontaesic',  '따식', '$2y$10$F26pbdd5v2A3NAplkgh9YujhqcbE7Jto2emEZg516FBwapp0XGKJC', '01085518532', 1000000, 'ROLE_ADMIN', '2023-04-07 17:45:22', '01085518532');
insert into member (id, check_agree, create_date, login_date, login_id, nickname, password ,phone_number, point, role, update_date, account) values (4, 1,'2023-04-07 17:45:22','2023-04-07 17:45:22', 'parkjinyoung',  '지녕쿤', '$2y$10$F26pbdd5v2A3NAplkgh9YujhqcbE7Jto2emEZg516FBwapp0XGKJC', '01030831889', 1000000, 'ROLE_ADMIN', '2023-04-07 17:45:22', '01030831889');
insert into member (id, check_agree, create_date, login_date, login_id, nickname, password ,phone_number, point, role, update_date, account) values (5, 1,'2023-04-07 17:45:22','2023-04-07 17:45:22', 'parkjiyun',  '갓쥰', '$2y$10$F26pbdd5v2A3NAplkgh9YujhqcbE7Jto2emEZg516FBwapp0XGKJC', '01054834790', 1000000, 'ROLE_ADMIN', '2023-04-07 17:45:22', '01054834790');

insert into member (id, check_agree, create_date, login_date, login_id, nickname, password ,phone_number, point, role, update_date, account) values (6, 1,'2023-04-07 17:45:22','2023-04-07 17:45:22', 'test111111',  'test111111', '$2y$10$tRo6AL3AMRBOXPTfqAFNBO06/2zGMTr5Cvkc5CoS0sjgnovVLCyRu', '01012345671', 100000, 'ROLE_USER', '2023-04-07 17:45:22',01054834792);
insert into member (id, check_agree, create_date, login_date, login_id, nickname, password ,phone_number, point, role, update_date) values (7, 1,'2023-04-07 17:45:22','2023-04-07 17:45:22', 'test222222',  'test222222', '$2y$10$nffYvzFk6vBB5J.8HFLjkuoaLmXvrtZ97Ivk4eAjWLXIUjvHc5YAe', '01012345672', 1000, 'ROLE_USER', '2023-04-07 17:45:22');
insert into member (id, check_agree, create_date, login_date, login_id, nickname, password ,phone_number, point, role, update_date) values (8, 1,'2023-04-07 17:45:22','2023-04-07 17:45:22', 'test333333',  'test333333', '$2y$10$xsWyO3tEhyaU79pQcHw.3OPjudF4PYrhtoqD/lKd41RscMTfffz62', '01012345673', 1000, 'ROLE_USER', '2023-04-07 17:45:22');
insert into member (id, check_agree, create_date, login_date, login_id, nickname, password ,phone_number, point, role, update_date) values (9, 1,'2023-04-07 17:45:22','2023-04-07 17:45:22', 'test444444',  'test444444', '$2y$10$JWTEL/Hlz93Q88V8WN7.9Os32EgsrC1vtHsKn/FUJ7CIwRC3ll6eC', '01012345674', 1000, 'ROLE_USER', '2023-04-07 17:45:22');
insert into member (id, check_agree, create_date, login_date, login_id, nickname, password ,phone_number, point, role, update_date) values (10, 1,'2023-04-07 17:45:22','2023-04-07 17:45:22', 'test555555',  'test555555', '$2y$10$k1UDG.quwRFX/L3yFy9Vl.gkVd4V3894gMNkLPdfIFBSgagAoDtGa', '01012345675', 1000, 'ROLE_USER', '2023-04-07 17:45:22');
insert into member (id, check_agree, create_date, login_date, login_id, nickname, password ,phone_number, point, role, update_date) values (11, 1,'2023-04-07 17:45:22','2023-04-07 17:45:22', 'test666666',  'test666666', '$2y$10$D9uSnnxjF.qQJHoxMj5YbO69W5BXfW8MbajGM7X6JoVa5VikUfVC2', '01012345676', 10000, 'ROLE_USER', '2023-04-07 17:45:22');


insert into category(id, name) values(1, '전자제품');
insert into category(id, name) values(2, '가구');
insert into category(id, name) values(3, '의류');
insert into category(id, name) values(4, '티켓');

insert into product (id, seller_id, title, category_id, product_grade, brand, price, is_checked_delivery_fee, content, purchase_date, is_defect, sale_reason, create_date) values (1, 6, '테스트111111의 상품', 1, 'UPPER', 'smu', 93244, true, 'phhggpxtiwvexbhxsstrfmuaxmhgdvkpeepo', '2023-01-27 11:22:18', false, 'pepykhndozbpn', '2023-07-13 20:02:00');
insert into product (id, seller_id, title, category_id, product_grade, brand, price, is_checked_delivery_fee, content, purchase_date, is_defect, sale_reason, create_date) values (2, 6, '테스트111111의 상품', 1, 'MIDDLE', 'nly', 69437, true, 'fzbunjkccofivocobehgywyerponiobeezon', '2022-09-21 09:49:26', true, 'sfohaydjyrirx', '2022-12-12 11:09:28');
insert into product (id, seller_id, title, category_id, product_grade, brand, price, is_checked_delivery_fee, content, purchase_date, is_defect, sale_reason, create_date) values (3, 6, '테스트111111의 상품', 2, 'LOWER', 'xiw', 37773, true, 'emafedwmdlwyswyuxhmoupkngmkvvghzpqom', '2023-05-04 07:05:03', true, 'cuxjnfbkfcllm', '2023-07-16 16:16:10');
insert into product (id, seller_id, title, category_id, product_grade, brand, price, is_checked_delivery_fee, content, purchase_date, is_defect, sale_reason, create_date) values (4, 6, '테스트111111의 상품', 1, 'UPPER', 'oji', 47179, true, 'rwsbakfbptvxpecdtytesnjtwhazgrfkwivn', '2022-11-23 01:51:00', false, 'gofqwvjmgmcny', '2022-11-29 08:28:26');
insert into product (id, seller_id, title, category_id, product_grade, brand, price, is_checked_delivery_fee, content, purchase_date, is_defect, sale_reason, create_date) values (5, 6, '테스트111111의 상품', 3, 'MIDDLE', 'iki', 82576, false, 'qzyizqjngsbgdmuhnowojvgwrifpddtwiakc', '2022-12-05 04:23:31', true, 'uwhmxedorhems', '2022-10-05 20:53:44');
insert into product (id, seller_id, title, category_id, product_grade, brand, price, is_checked_delivery_fee, content, purchase_date, is_defect, sale_reason, create_date) values (6, 6, '테스트111111의 상품', 2, 'LOWER', 'jmu', 30030, true, 'yqbsvxtdtwmaeniulrnizyjojcvtjmouthdy', '2022-11-16 17:37:53', true, 'ybqghqdcwphhf', '2022-09-26 17:13:20');
insert into product (id, seller_id, title, category_id, product_grade, brand, price, is_checked_delivery_fee, content, purchase_date, is_defect, sale_reason, create_date) values (7, 6, '테스트111111의 상품', 4, 'UPPER', 'tam', 25763, true, 'lagpmzjovhovjcjqnorvtowoykamiotipguz', '2023-02-13 13:48:13', true, 'vndlfzqpimfbd', '2023-08-19 16:44:26');
insert into product (id, seller_id, title, category_id, product_grade, brand, price, is_checked_delivery_fee, content, purchase_date, is_defect, sale_reason, create_date) values (8, 6, '테스트111111의 상품', 2, 'MIDDLE', 'voi', 75698, true, 'btjqozqdepjobnxugjjhgydlccidvnbnpzlk', '2023-05-14 08:50:56', false, 'vevpogaylwllg', '2023-06-14 15:28:50');
insert into product (id, seller_id, title, category_id, product_grade, brand, price, is_checked_delivery_fee, content, purchase_date, is_defect, sale_reason, create_date) values (9, 6, '테스트111111의 상품', 3, 'LOWER', 'sfa', 20085, false, 'xczjqtsbnasznentyihttzvwjrckvkpyooho', '2023-01-12 12:13:09', false, 'fmlqgwzcyanmr', '2023-06-01 19:05:14');
insert into product (id, seller_id, title, category_id, product_grade, brand, price, is_checked_delivery_fee, content, purchase_date, is_defect, sale_reason, create_date) values (10, 6, '테스트111111의 상품', 2, 'UPPER', 'vyf', 30935, false, 'woytxhmrdpmmhdpbonszyvwchjftmmtvxcmn', '2022-10-16 06:00:28', false, 'njeubihjdjyzz', '2023-08-26 04:41:02');
insert into product (id, seller_id, title, category_id, product_grade, brand, price, is_checked_delivery_fee, content, purchase_date, is_defect, sale_reason, create_date) values (11, 6, '테스트111111의 상품', 3, 'MIDDLE', 'sge', 30857, true, 'seszxosfcauwtzbnbosutdexxpdrknfhputj', '2022-09-19 23:04:13', false, 'hqtkiqgwlktbt', '2022-12-24 05:10:55');
insert into product (id, seller_id, title, category_id, product_grade, brand, price, is_checked_delivery_fee, content, purchase_date, is_defect, sale_reason, create_date) values (12, 6, '테스트111111의 상품', 4, 'LOWER', 'uls', 31566, false, 'ilihppnwjqzbszauohqoxanjhotmnncsezvy', '2022-11-10 21:01:14', true, 'ruradgbtyipth', '2022-12-10 03:23:39');
insert into product (id, seller_id, title, category_id, product_grade, brand, price, is_checked_delivery_fee, content, purchase_date, is_defect, sale_reason, create_date) values (13, 6, '테스트111111의 상품', 4, 'UPPER', 'vdb', 61790, false, 'jinmplcjdiuwxnrbrrrmeklnxeemfcdkpdcy', '2023-07-31 23:54:57', true, 'mtaijmepwbrwx', '2023-04-21 15:03:22');
insert into product (id, seller_id, title, category_id, product_grade, brand, price, is_checked_delivery_fee, content, purchase_date, is_defect, sale_reason, create_date) values (14, 6, '테스트111111의 상품', 3, 'MIDDLE', 'lzs', 26979, true, 'sqzwfqwiuwdbgukoaoqrfaymwtnxjgygidnl', '2023-06-02 05:46:50', false, 'kkvmrgaisfvfa', '2023-07-18 22:44:58');
insert into product (id, seller_id, title, category_id, product_grade, brand, price, is_checked_delivery_fee, content, purchase_date, is_defect, sale_reason, create_date) values (15, 6, '테스트111111의 상품', 1, 'LOWER', 'ofx', 15442, false, 'jckmqatrabibgczuwfhknbjunqjogbskhpjx', '2022-11-05 01:37:00', true, 'gcpnnctsfeuhb', '2022-11-13 08:30:21');
insert into product (id, seller_id, title, category_id, product_grade, brand, price, is_checked_delivery_fee, content, purchase_date, is_defect, sale_reason, create_date) values (16, 6, '테스트111111의 상품', 1, 'UPPER', 'ghg', 91200, true, 'garkbugsprwhufzsrlinovxeeftdinwidnud', '2022-09-19 12:50:12', true, 'wszeqhayalqhq', '2023-08-26 16:03:50');
insert into product (id, seller_id, title, category_id, product_grade, brand, price, is_checked_delivery_fee, content, purchase_date, is_defect, sale_reason, create_date) values (17, 6, '테스트111111의 상품', 3, 'MIDDLE', 'mel', 91334, true, 'scejoiaiihbltsgknbaycqwivpuizwcmtrmj', '2022-10-03 10:52:37', true, 'hkwqmjojneamr', '2023-01-26 12:07:16');
insert into product (id, seller_id, title, category_id, product_grade, brand, price, is_checked_delivery_fee, content, purchase_date, is_defect, sale_reason, create_date) values (18, 6, '테스트111111의 상품', 4, 'LOWER', 'vdo', 70072, false, 'mkoysgafcoykefvpygpzsxgsjgsgroixicgi', '2023-08-03 20:43:22', false, 'nacxsitqrfnxw', '2022-11-11 15:21:43');
insert into product (id, seller_id, title, category_id, product_grade, brand, price, is_checked_delivery_fee, content, purchase_date, is_defect, sale_reason, create_date) values (19, 6, '테스트111111의 상품', 1, 'UPPER', 'zys', 45648, false, 'omyrhtsxhqssalmnkohlapfusevjtgbwowyl', '2022-10-14 23:42:20', false, 'oqaauxwtzwfvn', '2023-06-28 07:30:14');
insert into product (id, seller_id, title, category_id, product_grade, brand, price, is_checked_delivery_fee, content, purchase_date, is_defect, sale_reason, create_date) values (20, 6, '테스트111111의 상품', 1, 'MIDDLE', 'tya', 23323, true, 'vetugdodvvskeyoutfyrdoyflnyicbnjkjuk', '2022-09-17 16:39:30', false, 'enpjucxvpnrsu', '2023-01-12 03:18:43');
insert into product (id, seller_id, title, category_id, product_grade, brand, price, is_checked_delivery_fee, content, purchase_date, is_defect, sale_reason, create_date) values (21, 6, '테스트111111의 상품', 2, 'LOWER', 'yvb', 89929, true, 'ryjfzawrbrmuyubotbubytpcqjmtjssbcjwc', '2023-07-03 18:18:09', true, 'futdjbruiwkfb', '2022-10-07 19:59:11');
insert into product (id, seller_id, title, category_id, product_grade, brand, price, is_checked_delivery_fee, content, purchase_date, is_defect, sale_reason, create_date) values (22, 6, '테스트111111의 상품', 3, 'UPPER', 'ptf', 42271, false, 'onmeqzsgariqklgehunvoqkuibsdqzpxhbfm', '2023-06-04 01:01:01', true, 'daeufrmndikyc', '2022-12-29 10:36:46');
insert into product (id, seller_id, title, category_id, product_grade, brand, price, is_checked_delivery_fee, content, purchase_date, is_defect, sale_reason, create_date) values (23, 6, '테스트111111의 상품', 4, 'MIDDLE', 'fax', 61040, true, 'eoxrgjzvidvafxhbfrboknzphrtmwocbvulh', '2023-04-17 10:16:12', false, 'boxrmtaahvuxv', '2023-07-09 09:20:10');
insert into product (id, seller_id, title, category_id, product_grade, brand, price, is_checked_delivery_fee, content, purchase_date, is_defect, sale_reason, create_date) values (24, 6, '테스트111111의 상품', 2, 'LOWER', 'rkk', 16262, true, 'srcdbbvmfkjijfosriympfybgtpinbfxkogy', '2022-09-05 03:00:32', false, 'syakzdaksbvnw', '2023-03-22 11:11:10');
insert into product (id, seller_id, title, category_id, product_grade, brand, price, is_checked_delivery_fee, content, purchase_date, is_defect, sale_reason, create_date) values (25, 6, '테스트111111의 상품', 3, 'UPPER', 'mkl', 64798, false, 'ssyqmtmbubifjbiivxheoqeqwilobqyxxgdm', '2023-02-04 04:33:18', false, 'hvrkmdfduxobl', '2023-05-31 10:13:41');
insert into product (id, seller_id, title, category_id, product_grade, brand, price, is_checked_delivery_fee, content, purchase_date, is_defect, sale_reason, create_date) values (26, 7, '테스트222222의 상품', 3, 'MIDDLE', 'duf', 69962, false, 'qmelhgrfmlthukgyvcabuvwprqqhdonyfmil', '2023-05-22 04:58:40', true, 'fnosqhuihduaz', '2023-05-31 07:38:21');
insert into product (id, seller_id, title, category_id, product_grade, brand, price, is_checked_delivery_fee, content, purchase_date, is_defect, sale_reason, create_date) values (27, 7, '테스트222222의 상품', 1, 'LOWER', 'hio', 61021, true, 'inqpwymohxancaftffvpzemvdlbmqglcnacz', '2022-11-02 03:28:10', false, 'hdgtyrhxgbotx', '2022-09-02 20:50:49');
insert into product (id, seller_id, title, category_id, product_grade, brand, price, is_checked_delivery_fee, content, purchase_date, is_defect, sale_reason, create_date) values (28, 7, '테스트222222의 상품', 3, 'UPPER', 'zbe', 87005, false, 'gcxrwrvsrxgzfjqlpvrsrxnnofyzkcqxddyu', '2022-11-03 03:02:32', false, 'dpleittdmasqw', '2022-10-09 20:49:36');
insert into product (id, seller_id, title, category_id, product_grade, brand, price, is_checked_delivery_fee, content, purchase_date, is_defect, sale_reason, create_date) values (29, 7, '테스트222222의 상품', 4, 'MIDDLE', 'csl', 92979, true, 'gefbopylybywrvcieexwiwqfhhqgiczdwmdh', '2022-10-26 11:39:51', true, 'fazqhmewdslwk', '2023-08-15 17:00:42');
insert into product (id, seller_id, title, category_id, product_grade, brand, price, is_checked_delivery_fee, content, purchase_date, is_defect, sale_reason, create_date) values (30, 7, '테스트222222의 상품', 3, 'LOWER', 'gah', 52903, true, 'lvolkrlakwhhpxpoeifitunpknmiexemaeas', '2023-06-09 19:40:54', false, 'trslxgxwtgvpz', '2023-07-17 18:30:12');
insert into product (id, seller_id, title, category_id, product_grade, brand, price, is_checked_delivery_fee, content, purchase_date, is_defect, sale_reason, create_date) values (31, 7, '테스트222222의 상품', 2, 'UPPER', 'tlp', 80841, true, 'ycxpyrkfqmbxbtofnlcgobygtlidesqlpuhs', '2023-07-11 22:47:50', true, 'ppckitshqvqbo', '2023-07-22 02:55:46');
insert into product (id, seller_id, title, category_id, product_grade, brand, price, is_checked_delivery_fee, content, purchase_date, is_defect, sale_reason, create_date) values (32, 7, '테스트222222의 상품', 1, 'MIDDLE', 'fei', 28997, false, 'jnhgvsbukbqtampywjbtnxgjifgypwjrmknh', '2023-05-27 02:09:24', false, 'htrtlavtavdqb', '2022-10-08 22:16:52');
insert into product (id, seller_id, title, category_id, product_grade, brand, price, is_checked_delivery_fee, content, purchase_date, is_defect, sale_reason, create_date) values (33, 7, '테스트222222의 상품', 2, 'LOWER', 'mxd', 94485, true, 'tzdkbzwumfzprhhowtbbcsypzbtqpspzyplp', '2022-11-27 07:17:17', true, 'lnsorstojgtzc', '2022-12-18 21:41:55');
insert into product (id, seller_id, title, category_id, product_grade, brand, price, is_checked_delivery_fee, content, purchase_date, is_defect, sale_reason, create_date) values (34, 7, '테스트222222의 상품', 1, 'UPPER', 'nra', 82777, false, 'qovhabgsvquufjxkdwnaamlwckdocazsgejk', '2023-01-06 15:54:53', false, 'bnmcucfniaejh', '2022-10-21 12:12:14');
insert into product (id, seller_id, title, category_id, product_grade, brand, price, is_checked_delivery_fee, content, purchase_date, is_defect, sale_reason, create_date) values (35, 7, '테스트222222의 상품', 3, 'MIDDLE', 'zze', 96374, true, 'faggwbabmenhdxvwncjuqeaqfzadwgpcmfhv', '2023-03-04 19:03:28', true, 'pywurdptasnlj', '2023-03-11 08:08:09');
insert into product (id, seller_id, title, category_id, product_grade, brand, price, is_checked_delivery_fee, content, purchase_date, is_defect, sale_reason, create_date) values (36, 7, '테스트222222의 상품', 4, 'LOWER', 'gpw', 64883, false, 'jgwowzioufinevcjgrotzjoroqtixlrferdu', '2023-03-02 15:12:33', true, 'twpacqiysqpmy', '2022-09-09 02:06:17');
insert into product (id, seller_id, title, category_id, product_grade, brand, price, is_checked_delivery_fee, content, purchase_date, is_defect, sale_reason, create_date) values (37, 7, '테스트222222의 상품', 2, 'UPPER', 'jyw', 46706, true, 'cdvfunxvyzewcrjvlpjmvyjxfckeymomkddz', '2022-08-29 18:27:48', true, 'lmbjkmbnphdkm', '2022-11-07 08:23:47');
insert into product (id, seller_id, title, category_id, product_grade, brand, price, is_checked_delivery_fee, content, purchase_date, is_defect, sale_reason, create_date) values (38, 7, '테스트222222의 상품', 4, 'MIDDLE', 'kep', 90287, false, 'asdryafqatycfxxsldgfogppygwhutlalnlx', '2022-09-08 21:03:54', false, 'erkshzqhdsomg', '2023-03-31 13:28:01');
insert into product (id, seller_id, title, category_id, product_grade, brand, price, is_checked_delivery_fee, content, purchase_date, is_defect, sale_reason, create_date) values (39, 7, '테스트222222의 상품', 2, 'LOWER', 'gku', 16015, true, 'jxviwwrotxujuggwjztdhpuppwakusnibeux', '2023-05-18 12:38:40', false, 'auolrtssyavhw', '2023-06-27 12:49:30');
insert into product (id, seller_id, title, category_id, product_grade, brand, price, is_checked_delivery_fee, content, purchase_date, is_defect, sale_reason, create_date) values (40, 7, '테스트222222의 상품', 2, 'UPPER', 'tso', 36860, true, 'rmtgwjeocxzxoblntvkfdjgmjpflgxjlegku', '2023-08-22 22:28:53', false, 'vkmtaulknvnoq', '2023-02-08 17:51:22');
insert into product (id, seller_id, title, category_id, product_grade, brand, price, is_checked_delivery_fee, content, purchase_date, is_defect, sale_reason, create_date) values (41, 7, '테스트222222의 상품', 3, 'MIDDLE', 'mxa', 67575, true, 'ihmgcqslqjxyojzajbkotcixymgmiwqrhdky', '2022-12-12 18:27:54', false, 'uvfxmxzohgpso', '2023-08-25 10:17:54');
insert into product (id, seller_id, title, category_id, product_grade, brand, price, is_checked_delivery_fee, content, purchase_date, is_defect, sale_reason, create_date) values (42, 7, '테스트222222의 상품', 3, 'LOWER', 'tbv', 71640, true, 'ixsdgpcugcdkhuarjjdqrkizoxfpvsakjzgk', '2023-03-15 17:13:31', false, 'fbushcpzakxbw', '2022-09-17 13:01:38');
insert into product (id, seller_id, title, category_id, product_grade, brand, price, is_checked_delivery_fee, content, purchase_date, is_defect, sale_reason, create_date) values (43, 7, '테스트222222의 상품', 2, 'UPPER', 'owj', 75197, false, 'rejxghdauyiiwcscsjukxwzdrmejzzfgyrrt', '2023-04-09 13:19:25', false, 'qcjyxtneivmwq', '2022-11-04 11:46:49');
insert into product (id, seller_id, title, category_id, product_grade, brand, price, is_checked_delivery_fee, content, purchase_date, is_defect, sale_reason, create_date) values (44, 7, '테스트222222의 상품', 1, 'MIDDLE', 'baq', 52653, true, 'kkzwelnfokuabazfjqscuwmwhymuhqfeurzz', '2023-01-09 18:49:15', true, 'cltisllpmgadq', '2023-02-18 17:59:27');
insert into product (id, seller_id, title, category_id, product_grade, brand, price, is_checked_delivery_fee, content, purchase_date, is_defect, sale_reason, create_date) values (45, 7, '테스트222222의 상품', 2, 'LOWER', 'wbx', 95966, true, 'alaltojbakilnljheeojutqaymjvnmbsziya', '2022-09-29 10:33:11', false, 'otehldtzqxjpn', '2023-03-20 02:13:39');
insert into product (id, seller_id, title, category_id, product_grade, brand, price, is_checked_delivery_fee, content, purchase_date, is_defect, sale_reason, create_date) values (46, 7, '테스트222222의 상품', 3, 'UPPER', 'gmx', 67425, true, 'ixdowancpdpppbekcqjliyrouzadyylzdxfq', '2023-06-30 07:02:31', false, 'ttvsdvyywntmy', '2023-06-03 11:02:19');
insert into product (id, seller_id, title, category_id, product_grade, brand, price, is_checked_delivery_fee, content, purchase_date, is_defect, sale_reason, create_date) values (47, 7, '테스트222222의 상품', 2, 'MIDDLE', 'spm', 25186, true, 'wnpvxxfzcjlyklohksgnrlsompkcimjvsqsl', '2022-09-18 02:25:45', true, 'zdgvmvmrhgnrq', '2022-11-15 15:39:39');
insert into product (id, seller_id, title, category_id, product_grade, brand, price, is_checked_delivery_fee, content, purchase_date, is_defect, sale_reason, create_date) values (48, 7, '테스트222222의 상품', 1, 'LOWER', 'zkc', 53888, false, 'oyawexmygbudahxrxpfbtyjvizzusqexhorl', '2022-11-28 23:04:41', true, 'wwiangllaywtp', '2023-03-02 20:27:30');
insert into product (id, seller_id, title, category_id, product_grade, brand, price, is_checked_delivery_fee, content, purchase_date, is_defect, sale_reason, create_date) values (49, 7, '테스트222222의 상품', 3, 'UPPER', 'yjy', 90493, true, 'ayrpgzgfcqoakfctnhijbdqvkfkyibdkgzwz', '2023-03-24 18:43:25', true, 'okzyhfhswakkj', '2022-12-29 15:09:29');
insert into product (id, seller_id, title, category_id, product_grade, brand, price, is_checked_delivery_fee, content, purchase_date, is_defect, sale_reason, create_date) values (50, 7, '테스트222222의 상품', 1, 'MIDDLE', 'vue', 52988, false, 'xflydmizvenewioekccinnbykwulxzefvgum', '2022-12-15 00:29:16', true, 'fvoncwpaaihzo', '2022-10-23 02:13:09');
insert into product (id, seller_id, title, category_id, product_grade, brand, price, is_checked_delivery_fee, content, purchase_date, is_defect, sale_reason, create_date) values (51, 8, '테스트222222의 상품', 1, 'LOWER', 'cly', 34626, false, 'jdthsitmdsmzuioymzrwszifjkxomvctxnqj', '2022-10-15 19:34:23', true, 'ovoutbnhyuxco', '2023-08-20 15:51:22');
insert into product (id, seller_id, title, category_id, product_grade, brand, price, is_checked_delivery_fee, content, purchase_date, is_defect, sale_reason, create_date) values (52, 8, '테스트222222의 상품', 1, 'UPPER', 'yfg', 54634, true, 'juxssxiuvwtssjjjeuccnjhjljakezlvxwfd', '2023-03-05 15:59:03', true, 'cpfbrndwyjqiz', '2023-08-27 21:45:53');
insert into product (id, seller_id, title, category_id, product_grade, brand, price, is_checked_delivery_fee, content, purchase_date, is_defect, sale_reason, create_date) values (53, 8, '테스트222222의 상품', 1, 'MIDDLE', 'okq', 56073, false, 'ckhjicvjwlrmownkdhmvuernuaoqncgkxtxa', '2023-05-16 16:19:05', false, 'ovxgtyqhtjahx', '2023-05-28 09:06:11');
insert into product (id, seller_id, title, category_id, product_grade, brand, price, is_checked_delivery_fee, content, purchase_date, is_defect, sale_reason, create_date) values (54, 8, '테스트222222의 상품', 1, 'LOWER', 'vij', 23319, false, 'njclgniwiupeupugfxjmnbnljostrvsgcoch', '2023-02-05 10:02:04', true, 'ebmdtxxdjlfep', '2022-11-11 04:24:26');
insert into product (id, seller_id, title, category_id, product_grade, brand, price, is_checked_delivery_fee, content, purchase_date, is_defect, sale_reason, create_date) values (55, 8, '테스트222222의 상품', 1, 'UPPER', 'lwb', 29659, true, 'lkonbzrgxiodzgmyihuvluddgphhiutsagsj', '2023-06-18 17:16:28', false, 'mhpimvfaorfkw', '2023-04-18 13:49:27');
insert into product (id, seller_id, title, category_id, product_grade, brand, price, is_checked_delivery_fee, content, purchase_date, is_defect, sale_reason, create_date) values (56, 8, '테스트222222의 상품', 1, 'MIDDLE', 'nhi', 74414, false, 'sbfdwflbvgtzusoryhrdisfgajultfrdtobj', '2023-04-12 07:28:19', true, 'blpylrxqxoouj', '2023-07-08 23:08:42');
insert into product (id, seller_id, title, category_id, product_grade, brand, price, is_checked_delivery_fee, content, purchase_date, is_defect, sale_reason, create_date) values (57, 8, '테스트222222의 상품', 4, 'LOWER', 'kzl', 74090, false, 'pyaksdjkpqiuthaohawgaiuctoqgtrhsqexw', '2023-01-14 04:41:58', true, 'mmujdlpyssauf', '2023-03-11 20:23:33');
insert into product (id, seller_id, title, category_id, product_grade, brand, price, is_checked_delivery_fee, content, purchase_date, is_defect, sale_reason, create_date) values (58, 8, '테스트222222의 상품', 2, 'UPPER', 'gbb', 92664, true, 'akskcwtrkhbsmaznrgzfkbbqadjznumenjfm', '2022-09-11 13:22:19', true, 'stuhyhpheftwk', '2023-04-11 09:14:08');
insert into product (id, seller_id, title, category_id, product_grade, brand, price, is_checked_delivery_fee, content, purchase_date, is_defect, sale_reason, create_date) values (59, 8, '테스트222222의 상품', 4, 'MIDDLE', 'lqn', 51586, true, 'jzhpyvrrdacimvcigxwgusvoklljtbfujwnq', '2023-08-13 06:35:03', false, 'amoucqgypvnmj', '2023-04-30 01:45:24');
insert into product (id, seller_id, title, category_id, product_grade, brand, price, is_checked_delivery_fee, content, purchase_date, is_defect, sale_reason, create_date) values (60, 8, '테스트222222의 상품', 2, 'LOWER', 'yrg', 63402, false, 'jwzezbqfyusalcmepscifyquqmqceunpfvkh', '2023-01-07 08:52:15', false, 'ebwhfqhiawwmc', '2023-06-14 06:10:56');
insert into product (id, seller_id, title, category_id, product_grade, brand, price, is_checked_delivery_fee, content, purchase_date, is_defect, sale_reason, create_date) values (61, 8, '테스트222222의 상품', 3, 'UPPER', 'kcr', 37016, false, 'sadoavsproczzjmradsrbvkomxkwlcqudvqn', '2023-04-21 08:42:10', true, 'ozvfvhimfjxge', '2022-10-19 05:54:45');
insert into product (id, seller_id, title, category_id, product_grade, brand, price, is_checked_delivery_fee, content, purchase_date, is_defect, sale_reason, create_date) values (62, 8, '테스트222222의 상품', 4, 'MIDDLE', 'dvo', 23437, false, 'jpwuxctkzvkxkcgbmilvrilidkczaxblblzc', '2023-08-18 01:05:00', true, 'adqjqtfnjwrgw', '2022-12-31 00:00:40');
insert into product (id, seller_id, title, category_id, product_grade, brand, price, is_checked_delivery_fee, content, purchase_date, is_defect, sale_reason, create_date) values (63, 8, '테스트222222의 상품', 4, 'LOWER', 'eki', 55893, true, 'llyolyocoyokaxnnuphbluxwngjaoncmejwg', '2022-11-05 19:45:50', true, 'ekvburnaucpcy', '2023-02-01 13:34:24');

insert into product_img(is_defect, product_img_url, product_id) values(false, 'https://shroop-s3.s3.ap-northeast-2.amazonaws.com/%E1%84%89%E1%85%B3%E1%84%8F%E1%85%B3%E1%84%85%E1%85%B5%E1%86%AB%E1%84%89%E1%85%A3%E1%86%BA+2023-08-29+%E1%84%8B%E1%85%A9%E1%84%8C%E1%85%A5%E1%86%AB+10.54.28.png', 1);
insert into product_img(is_defect, product_img_url, product_id) values(false, 'https://shroop-s3.s3.ap-northeast-2.amazonaws.com/%E1%84%89%E1%85%B3%E1%84%8F%E1%85%B3%E1%84%85%E1%85%B5%E1%86%AB%E1%84%89%E1%85%A3%E1%86%BA+2023-08-29+%E1%84%8B%E1%85%A9%E1%84%8C%E1%85%A5%E1%86%AB+10.54.28.png', 2);
insert into product_img(is_defect, product_img_url, product_id) values(false, 'https://shroop-s3.s3.ap-northeast-2.amazonaws.com/%E1%84%89%E1%85%B3%E1%84%8F%E1%85%B3%E1%84%85%E1%85%B5%E1%86%AB%E1%84%89%E1%85%A3%E1%86%BA+2023-08-29+%E1%84%8B%E1%85%A9%E1%84%8C%E1%85%A5%E1%86%AB+10.54.28.png', 3);
insert into product_img(is_defect, product_img_url, product_id) values(false, 'https://shroop-s3.s3.ap-northeast-2.amazonaws.com/%E1%84%89%E1%85%B3%E1%84%8F%E1%85%B3%E1%84%85%E1%85%B5%E1%86%AB%E1%84%89%E1%85%A3%E1%86%BA+2023-08-29+%E1%84%8B%E1%85%A9%E1%84%8C%E1%85%A5%E1%86%AB+10.54.28.png', 4);
insert into product_img(is_defect, product_img_url, product_id) values(false, 'https://shroop-s3.s3.ap-northeast-2.amazonaws.com/%E1%84%89%E1%85%B3%E1%84%8F%E1%85%B3%E1%84%85%E1%85%B5%E1%86%AB%E1%84%89%E1%85%A3%E1%86%BA+2023-08-29+%E1%84%8B%E1%85%A9%E1%84%8C%E1%85%A5%E1%86%AB+10.54.28.png', 5);
insert into product_img(is_defect, product_img_url, product_id) values(false, 'https://shroop-s3.s3.ap-northeast-2.amazonaws.com/%E1%84%89%E1%85%B3%E1%84%8F%E1%85%B3%E1%84%85%E1%85%B5%E1%86%AB%E1%84%89%E1%85%A3%E1%86%BA+2023-08-29+%E1%84%8B%E1%85%A9%E1%84%8C%E1%85%A5%E1%86%AB+10.54.28.png', 6);
insert into product_img(is_defect, product_img_url, product_id) values(false, 'https://shroop-s3.s3.ap-northeast-2.amazonaws.com/%E1%84%89%E1%85%B3%E1%84%8F%E1%85%B3%E1%84%85%E1%85%B5%E1%86%AB%E1%84%89%E1%85%A3%E1%86%BA+2023-08-29+%E1%84%8B%E1%85%A9%E1%84%8C%E1%85%A5%E1%86%AB+10.54.28.png', 7);
insert into product_img(is_defect, product_img_url, product_id) values(false, 'https://shroop-s3.s3.ap-northeast-2.amazonaws.com/%E1%84%89%E1%85%B3%E1%84%8F%E1%85%B3%E1%84%85%E1%85%B5%E1%86%AB%E1%84%89%E1%85%A3%E1%86%BA+2023-08-29+%E1%84%8B%E1%85%A9%E1%84%8C%E1%85%A5%E1%86%AB+10.54.28.png', 8);
insert into product_img(is_defect, product_img_url, product_id) values(false, 'https://shroop-s3.s3.ap-northeast-2.amazonaws.com/%E1%84%89%E1%85%B3%E1%84%8F%E1%85%B3%E1%84%85%E1%85%B5%E1%86%AB%E1%84%89%E1%85%A3%E1%86%BA+2023-08-29+%E1%84%8B%E1%85%A9%E1%84%8C%E1%85%A5%E1%86%AB+10.54.28.png', 9);
insert into product_img(is_defect, product_img_url, product_id) values(false, 'https://shroop-s3.s3.ap-northeast-2.amazonaws.com/%E1%84%89%E1%85%B3%E1%84%8F%E1%85%B3%E1%84%85%E1%85%B5%E1%86%AB%E1%84%89%E1%85%A3%E1%86%BA+2023-08-29+%E1%84%8B%E1%85%A9%E1%84%8C%E1%85%A5%E1%86%AB+10.54.28.png', 10);
insert into product_img(is_defect, product_img_url, product_id) values(false, 'https://shroop-s3.s3.ap-northeast-2.amazonaws.com/%E1%84%89%E1%85%B3%E1%84%8F%E1%85%B3%E1%84%85%E1%85%B5%E1%86%AB%E1%84%89%E1%85%A3%E1%86%BA+2023-08-29+%E1%84%8B%E1%85%A9%E1%84%8C%E1%85%A5%E1%86%AB+10.54.28.png', 11);
insert into product_img(is_defect, product_img_url, product_id) values(false, 'https://shroop-s3.s3.ap-northeast-2.amazonaws.com/%E1%84%89%E1%85%B3%E1%84%8F%E1%85%B3%E1%84%85%E1%85%B5%E1%86%AB%E1%84%89%E1%85%A3%E1%86%BA+2023-08-29+%E1%84%8B%E1%85%A9%E1%84%8C%E1%85%A5%E1%86%AB+10.54.28.png', 12);
insert into product_img(is_defect, product_img_url, product_id) values(false, 'https://shroop-s3.s3.ap-northeast-2.amazonaws.com/%E1%84%89%E1%85%B3%E1%84%8F%E1%85%B3%E1%84%85%E1%85%B5%E1%86%AB%E1%84%89%E1%85%A3%E1%86%BA+2023-08-29+%E1%84%8B%E1%85%A9%E1%84%8C%E1%85%A5%E1%86%AB+10.54.28.png', 13);
insert into product_img(is_defect, product_img_url, product_id) values(false, 'https://shroop-s3.s3.ap-northeast-2.amazonaws.com/%E1%84%89%E1%85%B3%E1%84%8F%E1%85%B3%E1%84%85%E1%85%B5%E1%86%AB%E1%84%89%E1%85%A3%E1%86%BA+2023-08-29+%E1%84%8B%E1%85%A9%E1%84%8C%E1%85%A5%E1%86%AB+10.54.28.png', 14);
insert into product_img(is_defect, product_img_url, product_id) values(false, 'https://shroop-s3.s3.ap-northeast-2.amazonaws.com/%E1%84%89%E1%85%B3%E1%84%8F%E1%85%B3%E1%84%85%E1%85%B5%E1%86%AB%E1%84%89%E1%85%A3%E1%86%BA+2023-08-29+%E1%84%8B%E1%85%A9%E1%84%8C%E1%85%A5%E1%86%AB+10.54.28.png', 15);
insert into product_img(is_defect, product_img_url, product_id) values(false, 'https://shroop-s3.s3.ap-northeast-2.amazonaws.com/%E1%84%89%E1%85%B3%E1%84%8F%E1%85%B3%E1%84%85%E1%85%B5%E1%86%AB%E1%84%89%E1%85%A3%E1%86%BA+2023-08-29+%E1%84%8B%E1%85%A9%E1%84%8C%E1%85%A5%E1%86%AB+10.54.28.png', 16);
insert into product_img(is_defect, product_img_url, product_id) values(false, 'https://shroop-s3.s3.ap-northeast-2.amazonaws.com/%E1%84%89%E1%85%B3%E1%84%8F%E1%85%B3%E1%84%85%E1%85%B5%E1%86%AB%E1%84%89%E1%85%A3%E1%86%BA+2023-08-29+%E1%84%8B%E1%85%A9%E1%84%8C%E1%85%A5%E1%86%AB+10.54.28.png', 17);
insert into product_img(is_defect, product_img_url, product_id) values(false, 'https://shroop-s3.s3.ap-northeast-2.amazonaws.com/%E1%84%89%E1%85%B3%E1%84%8F%E1%85%B3%E1%84%85%E1%85%B5%E1%86%AB%E1%84%89%E1%85%A3%E1%86%BA+2023-08-29+%E1%84%8B%E1%85%A9%E1%84%8C%E1%85%A5%E1%86%AB+10.54.28.png', 18);
insert into product_img(is_defect, product_img_url, product_id) values(false, 'https://shroop-s3.s3.ap-northeast-2.amazonaws.com/%E1%84%89%E1%85%B3%E1%84%8F%E1%85%B3%E1%84%85%E1%85%B5%E1%86%AB%E1%84%89%E1%85%A3%E1%86%BA+2023-08-29+%E1%84%8B%E1%85%A9%E1%84%8C%E1%85%A5%E1%86%AB+10.54.28.png', 19);
insert into product_img(is_defect, product_img_url, product_id) values(false, 'https://shroop-s3.s3.ap-northeast-2.amazonaws.com/%E1%84%89%E1%85%B3%E1%84%8F%E1%85%B3%E1%84%85%E1%85%B5%E1%86%AB%E1%84%89%E1%85%A3%E1%86%BA+2023-08-29+%E1%84%8B%E1%85%A9%E1%84%8C%E1%85%A5%E1%86%AB+10.54.28.png', 20);
insert into product_img(is_defect, product_img_url, product_id) values(false, 'https://shroop-s3.s3.ap-northeast-2.amazonaws.com/%E1%84%89%E1%85%B3%E1%84%8F%E1%85%B3%E1%84%85%E1%85%B5%E1%86%AB%E1%84%89%E1%85%A3%E1%86%BA+2023-08-29+%E1%84%8B%E1%85%A9%E1%84%8C%E1%85%A5%E1%86%AB+10.54.28.png', 21);
insert into product_img(is_defect, product_img_url, product_id) values(false, 'https://shroop-s3.s3.ap-northeast-2.amazonaws.com/%E1%84%89%E1%85%B3%E1%84%8F%E1%85%B3%E1%84%85%E1%85%B5%E1%86%AB%E1%84%89%E1%85%A3%E1%86%BA+2023-08-29+%E1%84%8B%E1%85%A9%E1%84%8C%E1%85%A5%E1%86%AB+10.54.28.png', 22);
insert into product_img(is_defect, product_img_url, product_id) values(false, 'https://shroop-s3.s3.ap-northeast-2.amazonaws.com/%E1%84%89%E1%85%B3%E1%84%8F%E1%85%B3%E1%84%85%E1%85%B5%E1%86%AB%E1%84%89%E1%85%A3%E1%86%BA+2023-08-29+%E1%84%8B%E1%85%A9%E1%84%8C%E1%85%A5%E1%86%AB+10.54.28.png', 23);
insert into product_img(is_defect, product_img_url, product_id) values(false, 'https://shroop-s3.s3.ap-northeast-2.amazonaws.com/%E1%84%89%E1%85%B3%E1%84%8F%E1%85%B3%E1%84%85%E1%85%B5%E1%86%AB%E1%84%89%E1%85%A3%E1%86%BA+2023-08-29+%E1%84%8B%E1%85%A9%E1%84%8C%E1%85%A5%E1%86%AB+10.54.28.png', 24);
insert into product_img(is_defect, product_img_url, product_id) values(false, 'https://shroop-s3.s3.ap-northeast-2.amazonaws.com/%E1%84%89%E1%85%B3%E1%84%8F%E1%85%B3%E1%84%85%E1%85%B5%E1%86%AB%E1%84%89%E1%85%A3%E1%86%BA+2023-08-29+%E1%84%8B%E1%85%A9%E1%84%8C%E1%85%A5%E1%86%AB+10.54.28.png', 25);
insert into product_img(is_defect, product_img_url, product_id) values(false, 'https://shroop-s3.s3.ap-northeast-2.amazonaws.com/%E1%84%89%E1%85%B3%E1%84%8F%E1%85%B3%E1%84%85%E1%85%B5%E1%86%AB%E1%84%89%E1%85%A3%E1%86%BA+2023-08-29+%E1%84%8B%E1%85%A9%E1%84%8C%E1%85%A5%E1%86%AB+10.54.28.png', 26);
insert into product_img(is_defect, product_img_url, product_id) values(false, 'https://shroop-s3.s3.ap-northeast-2.amazonaws.com/%E1%84%89%E1%85%B3%E1%84%8F%E1%85%B3%E1%84%85%E1%85%B5%E1%86%AB%E1%84%89%E1%85%A3%E1%86%BA+2023-08-29+%E1%84%8B%E1%85%A9%E1%84%8C%E1%85%A5%E1%86%AB+10.54.28.png', 27);
insert into product_img(is_defect, product_img_url, product_id) values(false, 'https://shroop-s3.s3.ap-northeast-2.amazonaws.com/%E1%84%89%E1%85%B3%E1%84%8F%E1%85%B3%E1%84%85%E1%85%B5%E1%86%AB%E1%84%89%E1%85%A3%E1%86%BA+2023-08-29+%E1%84%8B%E1%85%A9%E1%84%8C%E1%85%A5%E1%86%AB+10.54.28.png', 28);
insert into product_img(is_defect, product_img_url, product_id) values(false, 'https://shroop-s3.s3.ap-northeast-2.amazonaws.com/%E1%84%89%E1%85%B3%E1%84%8F%E1%85%B3%E1%84%85%E1%85%B5%E1%86%AB%E1%84%89%E1%85%A3%E1%86%BA+2023-08-29+%E1%84%8B%E1%85%A9%E1%84%8C%E1%85%A5%E1%86%AB+10.54.28.png', 29);
insert into product_img(is_defect, product_img_url, product_id) values(false, 'https://shroop-s3.s3.ap-northeast-2.amazonaws.com/%E1%84%89%E1%85%B3%E1%84%8F%E1%85%B3%E1%84%85%E1%85%B5%E1%86%AB%E1%84%89%E1%85%A3%E1%86%BA+2023-08-29+%E1%84%8B%E1%85%A9%E1%84%8C%E1%85%A5%E1%86%AB+10.54.28.png', 30);
insert into product_img(is_defect, product_img_url, product_id) values(false, 'https://shroop-s3.s3.ap-northeast-2.amazonaws.com/%E1%84%89%E1%85%B3%E1%84%8F%E1%85%B3%E1%84%85%E1%85%B5%E1%86%AB%E1%84%89%E1%85%A3%E1%86%BA+2023-08-29+%E1%84%8B%E1%85%A9%E1%84%8C%E1%85%A5%E1%86%AB+10.54.28.png', 31);
insert into product_img(is_defect, product_img_url, product_id) values(false, 'https://shroop-s3.s3.ap-northeast-2.amazonaws.com/%E1%84%89%E1%85%B3%E1%84%8F%E1%85%B3%E1%84%85%E1%85%B5%E1%86%AB%E1%84%89%E1%85%A3%E1%86%BA+2023-08-29+%E1%84%8B%E1%85%A9%E1%84%8C%E1%85%A5%E1%86%AB+10.54.28.png', 32);
insert into product_img(is_defect, product_img_url, product_id) values(false, 'https://shroop-s3.s3.ap-northeast-2.amazonaws.com/%E1%84%89%E1%85%B3%E1%84%8F%E1%85%B3%E1%84%85%E1%85%B5%E1%86%AB%E1%84%89%E1%85%A3%E1%86%BA+2023-08-29+%E1%84%8B%E1%85%A9%E1%84%8C%E1%85%A5%E1%86%AB+10.54.28.png', 33);
insert into product_img(is_defect, product_img_url, product_id) values(false, 'https://shroop-s3.s3.ap-northeast-2.amazonaws.com/%E1%84%89%E1%85%B3%E1%84%8F%E1%85%B3%E1%84%85%E1%85%B5%E1%86%AB%E1%84%89%E1%85%A3%E1%86%BA+2023-08-29+%E1%84%8B%E1%85%A9%E1%84%8C%E1%85%A5%E1%86%AB+10.54.28.png', 34);
insert into product_img(is_defect, product_img_url, product_id) values(false, 'https://shroop-s3.s3.ap-northeast-2.amazonaws.com/%E1%84%89%E1%85%B3%E1%84%8F%E1%85%B3%E1%84%85%E1%85%B5%E1%86%AB%E1%84%89%E1%85%A3%E1%86%BA+2023-08-29+%E1%84%8B%E1%85%A9%E1%84%8C%E1%85%A5%E1%86%AB+10.54.28.png', 35);
insert into product_img(is_defect, product_img_url, product_id) values(false, 'https://shroop-s3.s3.ap-northeast-2.amazonaws.com/%E1%84%89%E1%85%B3%E1%84%8F%E1%85%B3%E1%84%85%E1%85%B5%E1%86%AB%E1%84%89%E1%85%A3%E1%86%BA+2023-08-29+%E1%84%8B%E1%85%A9%E1%84%8C%E1%85%A5%E1%86%AB+10.54.28.png', 36);
insert into product_img(is_defect, product_img_url, product_id) values(false, 'https://shroop-s3.s3.ap-northeast-2.amazonaws.com/%E1%84%89%E1%85%B3%E1%84%8F%E1%85%B3%E1%84%85%E1%85%B5%E1%86%AB%E1%84%89%E1%85%A3%E1%86%BA+2023-08-29+%E1%84%8B%E1%85%A9%E1%84%8C%E1%85%A5%E1%86%AB+10.54.28.png', 37);
insert into product_img(is_defect, product_img_url, product_id) values(false, 'https://shroop-s3.s3.ap-northeast-2.amazonaws.com/%E1%84%89%E1%85%B3%E1%84%8F%E1%85%B3%E1%84%85%E1%85%B5%E1%86%AB%E1%84%89%E1%85%A3%E1%86%BA+2023-08-29+%E1%84%8B%E1%85%A9%E1%84%8C%E1%85%A5%E1%86%AB+10.54.28.png', 38);
insert into product_img(is_defect, product_img_url, product_id) values(false, 'https://shroop-s3.s3.ap-northeast-2.amazonaws.com/%E1%84%89%E1%85%B3%E1%84%8F%E1%85%B3%E1%84%85%E1%85%B5%E1%86%AB%E1%84%89%E1%85%A3%E1%86%BA+2023-08-29+%E1%84%8B%E1%85%A9%E1%84%8C%E1%85%A5%E1%86%AB+10.54.28.png', 39);
insert into product_img(is_defect, product_img_url, product_id) values(false, 'https://shroop-s3.s3.ap-northeast-2.amazonaws.com/%E1%84%89%E1%85%B3%E1%84%8F%E1%85%B3%E1%84%85%E1%85%B5%E1%86%AB%E1%84%89%E1%85%A3%E1%86%BA+2023-08-29+%E1%84%8B%E1%85%A9%E1%84%8C%E1%85%A5%E1%86%AB+10.54.28.png', 40);
insert into product_img(is_defect, product_img_url, product_id) values(false, 'https://shroop-s3.s3.ap-northeast-2.amazonaws.com/%E1%84%89%E1%85%B3%E1%84%8F%E1%85%B3%E1%84%85%E1%85%B5%E1%86%AB%E1%84%89%E1%85%A3%E1%86%BA+2023-08-29+%E1%84%8B%E1%85%A9%E1%84%8C%E1%85%A5%E1%86%AB+10.54.28.png', 41);
insert into product_img(is_defect, product_img_url, product_id) values(false, 'https://shroop-s3.s3.ap-northeast-2.amazonaws.com/%E1%84%89%E1%85%B3%E1%84%8F%E1%85%B3%E1%84%85%E1%85%B5%E1%86%AB%E1%84%89%E1%85%A3%E1%86%BA+2023-08-29+%E1%84%8B%E1%85%A9%E1%84%8C%E1%85%A5%E1%86%AB+10.54.28.png', 42);
insert into product_img(is_defect, product_img_url, product_id) values(false, 'https://shroop-s3.s3.ap-northeast-2.amazonaws.com/%E1%84%89%E1%85%B3%E1%84%8F%E1%85%B3%E1%84%85%E1%85%B5%E1%86%AB%E1%84%89%E1%85%A3%E1%86%BA+2023-08-29+%E1%84%8B%E1%85%A9%E1%84%8C%E1%85%A5%E1%86%AB+10.54.28.png', 43);
insert into product_img(is_defect, product_img_url, product_id) values(false, 'https://shroop-s3.s3.ap-northeast-2.amazonaws.com/%E1%84%89%E1%85%B3%E1%84%8F%E1%85%B3%E1%84%85%E1%85%B5%E1%86%AB%E1%84%89%E1%85%A3%E1%86%BA+2023-08-29+%E1%84%8B%E1%85%A9%E1%84%8C%E1%85%A5%E1%86%AB+10.54.28.png', 44);
insert into product_img(is_defect, product_img_url, product_id) values(false, 'https://shroop-s3.s3.ap-northeast-2.amazonaws.com/%E1%84%89%E1%85%B3%E1%84%8F%E1%85%B3%E1%84%85%E1%85%B5%E1%86%AB%E1%84%89%E1%85%A3%E1%86%BA+2023-08-29+%E1%84%8B%E1%85%A9%E1%84%8C%E1%85%A5%E1%86%AB+10.54.28.png', 45);
insert into product_img(is_defect, product_img_url, product_id) values(false, 'https://shroop-s3.s3.ap-northeast-2.amazonaws.com/%E1%84%89%E1%85%B3%E1%84%8F%E1%85%B3%E1%84%85%E1%85%B5%E1%86%AB%E1%84%89%E1%85%A3%E1%86%BA+2023-08-29+%E1%84%8B%E1%85%A9%E1%84%8C%E1%85%A5%E1%86%AB+10.54.28.png', 46);
insert into product_img(is_defect, product_img_url, product_id) values(false, 'https://shroop-s3.s3.ap-northeast-2.amazonaws.com/%E1%84%89%E1%85%B3%E1%84%8F%E1%85%B3%E1%84%85%E1%85%B5%E1%86%AB%E1%84%89%E1%85%A3%E1%86%BA+2023-08-29+%E1%84%8B%E1%85%A9%E1%84%8C%E1%85%A5%E1%86%AB+10.54.28.png', 47);
insert into product_img(is_defect, product_img_url, product_id) values(false, 'https://shroop-s3.s3.ap-northeast-2.amazonaws.com/%E1%84%89%E1%85%B3%E1%84%8F%E1%85%B3%E1%84%85%E1%85%B5%E1%86%AB%E1%84%89%E1%85%A3%E1%86%BA+2023-08-29+%E1%84%8B%E1%85%A9%E1%84%8C%E1%85%A5%E1%86%AB+10.54.28.png', 48);
insert into product_img(is_defect, product_img_url, product_id) values(false, 'https://shroop-s3.s3.ap-northeast-2.amazonaws.com/%E1%84%89%E1%85%B3%E1%84%8F%E1%85%B3%E1%84%85%E1%85%B5%E1%86%AB%E1%84%89%E1%85%A3%E1%86%BA+2023-08-29+%E1%84%8B%E1%85%A9%E1%84%8C%E1%85%A5%E1%86%AB+10.54.28.png', 49);
insert into product_img(is_defect, product_img_url, product_id) values(false, 'https://shroop-s3.s3.ap-northeast-2.amazonaws.com/%E1%84%89%E1%85%B3%E1%84%8F%E1%85%B3%E1%84%85%E1%85%B5%E1%86%AB%E1%84%89%E1%85%A3%E1%86%BA+2023-08-29+%E1%84%8B%E1%85%A9%E1%84%8C%E1%85%A5%E1%86%AB+10.54.28.png', 50);
insert into product_img(is_defect, product_img_url, product_id) values(false, 'https://shroop-s3.s3.ap-northeast-2.amazonaws.com/%E1%84%89%E1%85%B3%E1%84%8F%E1%85%B3%E1%84%85%E1%85%B5%E1%86%AB%E1%84%89%E1%85%A3%E1%86%BA+2023-08-29+%E1%84%8B%E1%85%A9%E1%84%8C%E1%85%A5%E1%86%AB+10.54.28.png', 51);
insert into product_img(is_defect, product_img_url, product_id) values(false, 'https://shroop-s3.s3.ap-northeast-2.amazonaws.com/%E1%84%89%E1%85%B3%E1%84%8F%E1%85%B3%E1%84%85%E1%85%B5%E1%86%AB%E1%84%89%E1%85%A3%E1%86%BA+2023-08-29+%E1%84%8B%E1%85%A9%E1%84%8C%E1%85%A5%E1%86%AB+10.54.28.png', 52);
insert into product_img(is_defect, product_img_url, product_id) values(false, 'https://shroop-s3.s3.ap-northeast-2.amazonaws.com/%E1%84%89%E1%85%B3%E1%84%8F%E1%85%B3%E1%84%85%E1%85%B5%E1%86%AB%E1%84%89%E1%85%A3%E1%86%BA+2023-08-29+%E1%84%8B%E1%85%A9%E1%84%8C%E1%85%A5%E1%86%AB+10.54.28.png', 53);
insert into product_img(is_defect, product_img_url, product_id) values(false, 'https://shroop-s3.s3.ap-northeast-2.amazonaws.com/%E1%84%89%E1%85%B3%E1%84%8F%E1%85%B3%E1%84%85%E1%85%B5%E1%86%AB%E1%84%89%E1%85%A3%E1%86%BA+2023-08-29+%E1%84%8B%E1%85%A9%E1%84%8C%E1%85%A5%E1%86%AB+10.54.28.png', 54);
insert into product_img(is_defect, product_img_url, product_id) values(false, 'https://shroop-s3.s3.ap-northeast-2.amazonaws.com/%E1%84%89%E1%85%B3%E1%84%8F%E1%85%B3%E1%84%85%E1%85%B5%E1%86%AB%E1%84%89%E1%85%A3%E1%86%BA+2023-08-29+%E1%84%8B%E1%85%A9%E1%84%8C%E1%85%A5%E1%86%AB+10.54.28.png', 55);
insert into product_img(is_defect, product_img_url, product_id) values(false, 'https://shroop-s3.s3.ap-northeast-2.amazonaws.com/%E1%84%89%E1%85%B3%E1%84%8F%E1%85%B3%E1%84%85%E1%85%B5%E1%86%AB%E1%84%89%E1%85%A3%E1%86%BA+2023-08-29+%E1%84%8B%E1%85%A9%E1%84%8C%E1%85%A5%E1%86%AB+10.54.28.png', 56);
insert into product_img(is_defect, product_img_url, product_id) values(false, 'https://shroop-s3.s3.ap-northeast-2.amazonaws.com/%E1%84%89%E1%85%B3%E1%84%8F%E1%85%B3%E1%84%85%E1%85%B5%E1%86%AB%E1%84%89%E1%85%A3%E1%86%BA+2023-08-29+%E1%84%8B%E1%85%A9%E1%84%8C%E1%85%A5%E1%86%AB+10.54.28.png', 57);
insert into product_img(is_defect, product_img_url, product_id) values(false, 'https://shroop-s3.s3.ap-northeast-2.amazonaws.com/%E1%84%89%E1%85%B3%E1%84%8F%E1%85%B3%E1%84%85%E1%85%B5%E1%86%AB%E1%84%89%E1%85%A3%E1%86%BA+2023-08-29+%E1%84%8B%E1%85%A9%E1%84%8C%E1%85%A5%E1%86%AB+10.54.28.png', 58);
insert into product_img(is_defect, product_img_url, product_id) values(false, 'https://shroop-s3.s3.ap-northeast-2.amazonaws.com/%E1%84%89%E1%85%B3%E1%84%8F%E1%85%B3%E1%84%85%E1%85%B5%E1%86%AB%E1%84%89%E1%85%A3%E1%86%BA+2023-08-29+%E1%84%8B%E1%85%A9%E1%84%8C%E1%85%A5%E1%86%AB+10.54.28.png', 59);
insert into product_img(is_defect, product_img_url, product_id) values(false, 'https://shroop-s3.s3.ap-northeast-2.amazonaws.com/%E1%84%89%E1%85%B3%E1%84%8F%E1%85%B3%E1%84%85%E1%85%B5%E1%86%AB%E1%84%89%E1%85%A3%E1%86%BA+2023-08-29+%E1%84%8B%E1%85%A9%E1%84%8C%E1%85%A5%E1%86%AB+10.54.28.png', 60);
insert into product_img(is_defect, product_img_url, product_id) values(false, 'https://shroop-s3.s3.ap-northeast-2.amazonaws.com/%E1%84%89%E1%85%B3%E1%84%8F%E1%85%B3%E1%84%85%E1%85%B5%E1%86%AB%E1%84%89%E1%85%A3%E1%86%BA+2023-08-29+%E1%84%8B%E1%85%A9%E1%84%8C%E1%85%A5%E1%86%AB+10.54.28.png', 61);
insert into product_img(is_defect, product_img_url, product_id) values(false, 'https://shroop-s3.s3.ap-northeast-2.amazonaws.com/%E1%84%89%E1%85%B3%E1%84%8F%E1%85%B3%E1%84%85%E1%85%B5%E1%86%AB%E1%84%89%E1%85%A3%E1%86%BA+2023-08-29+%E1%84%8B%E1%85%A9%E1%84%8C%E1%85%A5%E1%86%AB+10.54.28.png', 62);
insert into product_img(is_defect, product_img_url, product_id) values(false, 'https://shroop-s3.s3.ap-northeast-2.amazonaws.com/%E1%84%89%E1%85%B3%E1%84%8F%E1%85%B3%E1%84%85%E1%85%B5%E1%86%AB%E1%84%89%E1%85%A3%E1%86%BA+2023-08-29+%E1%84%8B%E1%85%A9%E1%84%8C%E1%85%A5%E1%86%AB+10.54.28.png', 63);


insert into transaction (id, buyer_id, seller_id, product_id, status, buyer_name, buyer_phone_number, buyer_location, create_date) values (1, 7, 6, 1, 'PURCHASE_REQUEST', 'mcz', '01004976252', 'yqe', '2022-12-26 17:48:34');
insert into transaction (id, buyer_id, seller_id, product_id, status, buyer_name, buyer_phone_number, buyer_location, create_date) values (2, 7, 6, 2, 'COMPLETE', 'oyk', '01064159960', 'mvv', '2023-03-20 03:26:46');
insert into transaction (id, buyer_id, seller_id, product_id, status, buyer_name, buyer_phone_number, buyer_location, create_date) values (3, 7, 6, 3, 'RETURN_COMPLETE', 'jub', '01046297887', 'mkr', '2023-02-14 01:53:38');
insert into transaction (id, buyer_id, seller_id, product_id, status, buyer_name, buyer_phone_number, buyer_location, create_date) values (4, 7, 6, 4, 'RETURN_REQUEST', 'nid', '01060534126', 'kex', '2023-07-24 10:36:23');
insert into transaction (id, buyer_id, seller_id, product_id, status, buyer_name, buyer_phone_number, buyer_location, create_date) values (5, 7, 6, 5, 'PURCHASE_CONFIRM', 'ljg', '01026831253', 'wpr', '2023-01-23 01:09:56');
insert into transaction (id, buyer_id, seller_id, product_id, status, buyer_name, buyer_phone_number, buyer_location, create_date) values (6, 7, 6, 6, 'COMPLETE', 'qwq', '01065382168', 'zis', '2022-12-29 14:27:31');
insert into transaction (id, buyer_id, seller_id, product_id, status, buyer_name, buyer_phone_number, buyer_location, create_date) values (7, 7, 6, 7, 'PURCHASE_REQUEST', 'rao', '01023892241', 'qgs', '2023-04-13 08:28:15');
insert into transaction (id, buyer_id, seller_id, product_id, status, buyer_name, buyer_phone_number, buyer_location, create_date) values (8, 7, 6, 8, 'COMPLETE', 'xuk', '01007680180', 'gmf', '2023-03-22 10:29:04');
insert into transaction (id, buyer_id, seller_id, product_id, status, buyer_name, buyer_phone_number, buyer_location, create_date) values (9, 7, 6, 9, 'RETURN_COMPLETE', 'zpn', '01080958540', 'wtd', '2023-08-27 11:37:14');
insert into transaction (id, buyer_id, seller_id, product_id, status, buyer_name, buyer_phone_number, buyer_location, create_date) values (10, 7, 6, 10, 'RETURN_REQUEST', 'eqc', '01029585916', 'kua', '2023-07-08 17:24:03');
insert into transaction (id, buyer_id, seller_id, product_id, status, buyer_name, buyer_phone_number, buyer_location, create_date) values (11, 7, 6, 11, 'PURCHASE_CONFIRM', 'szt', '01064956836', 'sil', '2022-12-23 04:26:55');
insert into transaction (id, buyer_id, seller_id, product_id, status, buyer_name, buyer_phone_number, buyer_location, create_date) values (12, 7, 6, 12, 'COMPLETE', 'opu', '01006446827', 'lnl', '2022-10-04 14:34:17');
insert into transaction (id, buyer_id, seller_id, product_id, status, buyer_name, buyer_phone_number, buyer_location, create_date) values (13, 7, 6, 13, 'PURCHASE_REQUEST', 'qrn', '01015086885', 'rho', '2022-11-04 16:55:22');
insert into transaction (id, buyer_id, seller_id, product_id, status, buyer_name, buyer_phone_number, buyer_location, create_date) values (14, 7, 6, 14, 'COMPLETE', 'atu', '01069566345', 'scx', '2023-01-22 00:03:23');
insert into transaction (id, buyer_id, seller_id, product_id, status, buyer_name, buyer_phone_number, buyer_location, create_date) values (15, 7, 6, 15, 'RETURN_COMPLETE', 'var', '01018133553', 'wos', '2022-12-18 12:25:01');
insert into transaction (id, buyer_id, seller_id, product_id, status, buyer_name, buyer_phone_number, buyer_location, create_date) values (16, 7, 6, 16, 'RETURN_REQUEST', 'qjh', '01037624260', 'gce', '2022-10-14 00:10:33');
insert into transaction (id, buyer_id, seller_id, product_id, status, buyer_name, buyer_phone_number, buyer_location, create_date) values (17, 7, 6, 17, 'PURCHASE_CONFIRM', 'ecn', '01032040187', 'zfd', '2023-07-02 23:58:24');
insert into transaction (id, buyer_id, seller_id, product_id, status, buyer_name, buyer_phone_number, buyer_location, create_date) values (18, 7, 6, 18, 'COMPLETE', 'ypm', '01037178533', 'wjr', '2023-05-26 21:42:30');
insert into transaction (id, buyer_id, seller_id, product_id, status, buyer_name, buyer_phone_number, buyer_location, create_date) values (19, 7, 6, 19, 'PURCHASE_REQUEST', 'lqb', '01080963281', 'ppo', '2022-11-12 22:50:13');
insert into transaction (id, buyer_id, seller_id, product_id, status, buyer_name, buyer_phone_number, buyer_location, create_date) values (20, 7, 6, 20, 'COMPLETE', 'ore', '01077797210', 'qgh', '2022-12-01 20:19:01');
insert into transaction (id, buyer_id, seller_id, product_id, status, buyer_name, buyer_phone_number, buyer_location, create_date) values (21, 7, 6, 21, 'RETURN_COMPLETE', 'ecv', '01057154390', 'hac', '2022-12-04 09:30:22');
insert into transaction (id, buyer_id, seller_id, product_id, status, buyer_name, buyer_phone_number, buyer_location, create_date) values (22, 7, 6, 22, 'RETURN_REQUEST', 'nfl', '01051339100', 'mkv', '2022-11-26 13:46:43');
insert into transaction (id, buyer_id, seller_id, product_id, status, buyer_name, buyer_phone_number, buyer_location, create_date) values (23, 7, 6, 23, 'PURCHASE_CONFIRM', 'alb', '01083587548', 'zic', '2023-02-18 18:24:34');
insert into transaction (id, buyer_id, seller_id, product_id, status, buyer_name, buyer_phone_number, buyer_location, create_date) values (24, 7, 6, 24, 'COMPLETE', 'tzt', '01021573490', 'yut', '2023-05-07 10:35:54');
insert into transaction (id, buyer_id, seller_id, product_id, status, buyer_name, buyer_phone_number, buyer_location, create_date) values (25, 7, 6, 25, 'PURCHASE_REQUEST', 'pwt', '01094437505', 'kia', '2022-09-11 03:38:24');
insert into transaction (id, buyer_id, seller_id, product_id, status, buyer_name, buyer_phone_number, buyer_location, create_date) values (26, 6, 7, 26, 'COMPLETE', 'awf', '01031650725', 'egu', '2022-11-28 05:47:54');
insert into transaction (id, buyer_id, seller_id, product_id, status, buyer_name, buyer_phone_number, buyer_location, create_date) values (27, 6, 7, 27, 'RETURN_COMPLETE', 'rmw', '01064424318', 'ino', '2023-06-08 05:26:53');
insert into transaction (id, buyer_id, seller_id, product_id, status, buyer_name, buyer_phone_number, buyer_location, create_date) values (28, 6, 7, 28, 'RETURN_REQUEST', 'inr', '01089138119', 'fty', '2022-12-25 22:05:36');
insert into transaction (id, buyer_id, seller_id, product_id, status, buyer_name, buyer_phone_number, buyer_location, create_date) values (29, 6, 7, 29, 'PURCHASE_CONFIRM', 'vbr', '01056979485', 'spz', '2023-04-26 14:09:46');
insert into transaction (id, buyer_id, seller_id, product_id, status, buyer_name, buyer_phone_number, buyer_location, create_date) values (30, 6, 7, 30, 'COMPLETE', 'ptb', '01015426453', 'khe', '2022-10-26 16:56:38');
insert into transaction (id, buyer_id, seller_id, product_id, status, buyer_name, buyer_phone_number, buyer_location, create_date) values (31, 6, 7, 31, 'PURCHASE_REQUEST', 'wgk', '01044438733', 'vra', '2023-08-18 15:35:55');
insert into transaction (id, buyer_id, seller_id, product_id, status, buyer_name, buyer_phone_number, buyer_location, create_date) values (32, 6, 7, 32, 'COMPLETE', 'gzr', '01052997222', 'bjj', '2023-07-30 14:03:35');
insert into transaction (id, buyer_id, seller_id, product_id, status, buyer_name, buyer_phone_number, buyer_location, create_date) values (33, 6, 7, 33, 'RETURN_COMPLETE', 'bzi', '01079934603', 'yqk', '2022-10-15 08:49:33');
insert into transaction (id, buyer_id, seller_id, product_id, status, buyer_name, buyer_phone_number, buyer_location, create_date) values (34, 6, 7, 34, 'RETURN_REQUEST', 'nwi', '01020356764', 'mjn', '2023-01-13 14:11:12');
insert into transaction (id, buyer_id, seller_id, product_id, status, buyer_name, buyer_phone_number, buyer_location, create_date) values (35, 6, 7, 35, 'PURCHASE_CONFIRM', 'exv', '01000171316', 'cvv', '2023-04-11 08:11:00');
insert into transaction (id, buyer_id, seller_id, product_id, status, buyer_name, buyer_phone_number, buyer_location, create_date) values (36, 6, 7, 36, 'COMPLETE', 'awb', '01063533073', 'twv', '2023-04-17 01:08:19');
insert into transaction (id, buyer_id, seller_id, product_id, status, buyer_name, buyer_phone_number, buyer_location, create_date) values (37, 6, 7, 37, 'PURCHASE_REQUEST', 'xke', '01030344670', 'zcv', '2023-03-05 22:37:48');
insert into transaction (id, buyer_id, seller_id, product_id, status, buyer_name, buyer_phone_number, buyer_location, create_date) values (38, 6, 7, 38, 'COMPLETE', 'gsq', '01091579419', 'mbf', '2023-08-01 10:39:10');
insert into transaction (id, buyer_id, seller_id, product_id, status, buyer_name, buyer_phone_number, buyer_location, create_date) values (39, 6, 7, 39, 'RETURN_COMPLETE', 'byg', '01059322335', 'upu', '2023-06-03 23:51:57');
insert into transaction (id, buyer_id, seller_id, product_id, status, buyer_name, buyer_phone_number, buyer_location, create_date) values (40, 6, 7, 40, 'RETURN_REQUEST', 'wtb', '01011787734', 'hlr', '2023-06-12 19:16:42');
insert into transaction (id, buyer_id, seller_id, product_id, status, buyer_name, buyer_phone_number, buyer_location, create_date) values (41, 6, 7, 41, 'PURCHASE_CONFIRM', 'bhk', '01007451800', 'isp', '2023-01-14 16:12:32');
insert into transaction (id, buyer_id, seller_id, product_id, status, buyer_name, buyer_phone_number, buyer_location, create_date) values (42, 6, 7, 42, 'COMPLETE', 'bub', '01060222994', 'yda', '2023-07-30 02:42:29');
insert into transaction (id, buyer_id, seller_id, product_id, status, buyer_name, buyer_phone_number, buyer_location, create_date) values (43, 6, 7, 43, 'PURCHASE_REQUEST', 'ksw', '01028527379', 'fma', '2023-06-20 22:15:06');
insert into transaction (id, buyer_id, seller_id, product_id, status, buyer_name, buyer_phone_number, buyer_location, create_date) values (44, 6, 7, 44, 'COMPLETE', 'eqc', '01059168462', 'pae', '2023-03-26 12:53:06');
insert into transaction (id, buyer_id, seller_id, product_id, status, buyer_name, buyer_phone_number, buyer_location, create_date) values (45, 6, 7, 45, 'RETURN_COMPLETE', 'blu', '01065716004', 'dsu', '2022-10-16 09:00:20');
insert into transaction (id, buyer_id, seller_id, product_id, status, buyer_name, buyer_phone_number, buyer_location, create_date) values (46, 6, 7, 46, 'RETURN_REQUEST', 'iyj', '01082124857', 'wde', '2022-09-12 22:30:28');
insert into transaction (id, buyer_id, seller_id, product_id, status, buyer_name, buyer_phone_number, buyer_location, create_date) values (47, 6, 7, 47, 'PURCHASE_CONFIRM', 'ydc', '01005174941', 'bmj', '2023-07-02 09:15:25');
insert into transaction (id, buyer_id, seller_id, product_id, status, buyer_name, buyer_phone_number, buyer_location, create_date) values (48, 6, 7, 48, 'COMPLETE', 'sji', '01089553485', 'yte', '2023-08-19 15:33:20');
insert into transaction (id, buyer_id, seller_id, product_id, status, buyer_name, buyer_phone_number, buyer_location, create_date) values (49, 6, 7, 49, 'PURCHASE_REQUEST', 'xqw', '01095158446', 'rdd', '2023-04-22 02:06:08');
insert into transaction (id, buyer_id, seller_id, product_id, status, buyer_name, buyer_phone_number, buyer_location, create_date) values (50, 6, 7, 50, 'COMPLETE', 'ppz', '01040533545', 'xua', '2022-12-12 05:23:14');

select count(*) from product where seller_id=2;