
## 계좌 비밀번호는 1234
insert into bank (id, account, name, money, password) values (1, '002-93949697-003', '슈룹', 0, "$2y$10$c.hfcHgbhl07CdQHk7paGuS3ufujtyFMk9ZZJKx30QI2iaj6kx19.");
insert into bank (id, account, name, password) values (2, '002-106607-01-016', '이종민', "$2y$10$c.hfcHgbhl07CdQHk7paGuS3ufujtyFMk9ZZJKx30QI2iaj6kx19.");
insert into bank (id, account, name, password) values (3, '010-8551-8532', '공태식', "$2y$10$c.hfcHgbhl07CdQHk7paGuS3ufujtyFMk9ZZJKx30QI2iaj6kx19.");
insert into bank (id, account, name, password) values (4, '010-3083-1889', '박진영', "$2y$10$c.hfcHgbhl07CdQHk7paGuS3ufujtyFMk9ZZJKx30QI2iaj6kx19.");
insert into bank (id, account, name, password) values (5, '010-5483-4790', '박지윤',"$2y$10$c.hfcHgbhl07CdQHk7paGuS3ufujtyFMk9ZZJKx30QI2iaj6kx19.");
insert into bank (id, account, name, password) values (6, '010-5483-4792', 'test1', "$2y$10$c.hfcHgbhl07CdQHk7paGuS3ufujtyFMk9ZZJKx30QI2iaj6kx19.");
insert into bank (id, account, name, password) values (7, '010-9394-9697', 'test2', "$2y$10$c.hfcHgbhl07CdQHk7paGuS3ufujtyFMk9ZZJKx30QI2iaj6kx19.");
insert into bank (id, account, name, password) values (8, '010-9394-9698', 'test3', "$2y$10$c.hfcHgbhl07CdQHk7paGuS3ufujtyFMk9ZZJKx30QI2iaj6kx19.");

## admin 비밀번호는 전부 's93949697!'

insert into member (id, check_agree, create_date, login_date, login_id, nickname, password ,phone_number, point, role, update_date, account,grade_score, profile_img) values (1, 1,'2023-04-07 17:45:22','2023-04-07 17:45:22', 'shroop',  '슈룹', '$2y$10$F26pbdd5v2A3NAplkgh9YujhqcbE7Jto2emEZg516FBwapp0XGKJC', '01093949697', 0, 'ROLE_ADMIN', '2023-04-07 17:45:22', '002-93949697-003', 70, 'https://shroop-s3.s3.ap-northeast-2.amazonaws.com/basicProfile.jpeg');
insert into member (id, check_agree, create_date, login_date, login_id, nickname, password ,phone_number, point, role, update_date, account, grade_score, profile_img) values (2, 1,'2023-04-07 17:45:22','2023-04-07 17:45:22', 'leejongmin',  '밍구', '$2y$10$F26pbdd5v2A3NAplkgh9YujhqcbE7Jto2emEZg516FBwapp0XGKJC', '01050595727', 1000000, 'ROLE_ADMIN', '2023-04-07 17:45:22', '002-106607-01-016',80, 'https://shroop-s3.s3.ap-northeast-2.amazonaws.com/basicProfile.jpeg');
insert into member (id, check_agree, create_date, login_date, login_id, nickname, password ,phone_number, point, role, update_date, account, grade_score, profile_img) values (3, 1,'2023-04-07 17:45:22','2023-04-07 17:45:22', 'gontaesic',  '따식', '$2y$10$F26pbdd5v2A3NAplkgh9YujhqcbE7Jto2emEZg516FBwapp0XGKJC', '01085518532', 1000000, 'ROLE_ADMIN', '2023-04-07 17:45:22', '01085518532',90, 'https://shroop-s3.s3.ap-northeast-2.amazonaws.com/basicProfile.jpeg');
insert into member (id, check_agree, create_date, login_date, login_id, nickname, password ,phone_number, point, role, update_date, account, grade_score, profile_img) values (4, 1,'2023-04-07 17:45:22','2023-04-07 17:45:22', 'parkjinyoung',  '지녕쿤', '$2y$10$F26pbdd5v2A3NAplkgh9YujhqcbE7Jto2emEZg516FBwapp0XGKJC', '01030831889', 1000000, 'ROLE_ADMIN', '2023-04-07 17:45:22', '01030831889',100, 'https://shroop-s3.s3.ap-northeast-2.amazonaws.com/basicProfile.jpeg');
insert into member (id, check_agree, create_date, login_date, login_id, nickname, password ,phone_number, point, role, update_date, account, grade_score, profile_img) values (5, 1,'2023-04-07 17:45:22','2023-04-07 17:45:22', 'parkjiyun',  '갓쥰', '$2y$10$F26pbdd5v2A3NAplkgh9YujhqcbE7Jto2emEZg516FBwapp0XGKJC', '01054834790', 1000000, 'ROLE_ADMIN', '2023-04-07 17:45:22', '01054834790',66, 'https://shroop-s3.s3.ap-northeast-2.amazonaws.com/basicProfile.jpeg');

insert into member (id, check_agree, create_date, login_date, login_id, nickname, password ,phone_number, point, role, update_date, account, grade_score, profile_img) values (6, 1,'2023-04-07 17:45:22','2023-04-07 17:45:22', 'test111111',  'test111111', '$2y$10$tRo6AL3AMRBOXPTfqAFNBO06/2zGMTr5Cvkc5CoS0sjgnovVLCyRu', '01012345671', 100000, 'ROLE_USER', '2023-04-07 17:45:22','01054834792',60, 'https://shroop-s3.s3.ap-northeast-2.amazonaws.com/basicProfile.jpeg');
insert into member (id, check_agree, create_date, login_date, login_id, nickname, password ,phone_number, point, role, update_date, grade_score, profile_img) values (7, 1,'2023-04-07 17:45:22','2023-04-07 17:45:22', 'test222222',  'test222222', '$2y$10$nffYvzFk6vBB5J.8HFLjkuoaLmXvrtZ97Ivk4eAjWLXIUjvHc5YAe', '01012345672', 1000, 'ROLE_USER', '2023-04-07 17:45:22', 20, 'https://shroop-s3.s3.ap-northeast-2.amazonaws.com/basicProfile.jpeg');
insert into member (id, check_agree, create_date, login_date, login_id, nickname, password ,phone_number, point, role, update_date, grade_score, profile_img) values (8, 1,'2023-04-07 17:45:22','2023-04-07 17:45:22', 'test333333',  'test333333', '$2y$10$xsWyO3tEhyaU79pQcHw.3OPjudF4PYrhtoqD/lKd41RscMTfffz62', '01012345673', 1000, 'ROLE_USER', '2023-04-07 17:45:22', 30, 'https://shroop-s3.s3.ap-northeast-2.amazonaws.com/basicProfile.jpeg');
insert into member (id, check_agree, create_date, login_date, login_id, nickname, password ,phone_number, point, role, update_date, grade_score, profile_img) values (9, 1,'2023-04-07 17:45:22','2023-04-07 17:45:22', 'test444444',  'test444444', '$2y$10$JWTEL/Hlz93Q88V8WN7.9Os32EgsrC1vtHsKn/FUJ7CIwRC3ll6eC', '01012345674', 1000, 'ROLE_USER', '2023-04-07 17:45:22', 40, 'https://shroop-s3.s3.ap-northeast-2.amazonaws.com/basicProfile.jpeg');
insert into member (id, check_agree, create_date, login_date, login_id, nickname, password ,phone_number, point, role, update_date, grade_score, profile_img) values (10, 1,'2023-04-07 17:45:22','2023-04-07 17:45:22', 'test555555',  'test555555', '$2y$10$k1UDG.quwRFX/L3yFy9Vl.gkVd4V3894gMNkLPdfIFBSgagAoDtGa', '01012345675', 2000, 'ROLE_NOT_AUTH_USER', '2023-04-07 17:45:22', 50, 'https://shroop-s3.s3.ap-northeast-2.amazonaws.com/basicProfile.jpeg');
insert into member (id, check_agree, create_date, login_date, login_id, nickname, password ,phone_number, point, role, update_date, grade_score, profile_img) values (11, 1,'2023-04-07 17:45:22','2023-04-07 17:45:22', 'test666666',  'test666666', '$2y$10$D9uSnnxjF.qQJHoxMj5YbO69W5BXfW8MbajGM7X6JoVa5VikUfVC2', '01012345676', 10000, 'ROLE_DELETE', '2023-04-07 17:45:22', 60, 'https://shroop-s3.s3.ap-northeast-2.amazonaws.com/basicProfile.jpeg');


insert into category(id, name) values(1, '전자제품');
insert into category(id, name) values(2, '가구');
insert into category(id, name) values(3, '의류');
insert into category(id, name) values(4, '티켓');
insert into category(id, name) values(5, '도서');

insert into product (id, seller_id, category_id, title, product_grade, brand, price, is_checked_delivery_fee, content, purchase_date, is_defect, sale_reason, likes, create_date, update_date) values (1, 6, 1, '갤럭시 탭 S7 FE 중고 판매합니다.', 'MIDDLE', '삼성 / 갤럭시탭 S7 FE', 250000, false, '램 4GB 용량 64GB입니다.\n1년정도 썼고요 상태는 매우 양호합니다.\n펜이랑 필름, 케이스 다 부착되있습니다.', '2021-10-07', false, '다른 테블릿을 선물 받아서 이전에 사용하던 테블릿이 필요없어졌습니다.', 21, '2022-11-15 07:29:08', '2023-01-08 20:42:17');
insert into product_img(is_defect, product_img_url, product_id) values(false, 'https://shroop-s3.s3.ap-northeast-2.amazonaws.com/6-1.webp', 1);
insert into product_img(is_defect, product_img_url, product_id) values(false, 'https://shroop-s3.s3.ap-northeast-2.amazonaws.com/6-2.webp', 1);

insert into product (id, seller_id, category_id, title, product_grade, brand, price, is_checked_delivery_fee, content, purchase_date, is_defect, sale_reason, likes, create_date, update_date) values (2, 7, 1, '써큘레이터 선풍기 팝니다.', 'UPPER', '모름', 34000, false, '다이슨 구매해서 안쓰는 써큘레이터 선풍기 버리기 아까워서 처분해요.\n진짜 쓰실분 가져가시라는 의미로 소액 판매해요!', '2020-03-20', false, '다이슨 구매해서 안쓰는 써큘레이터 선풍기 버리기 아까워서 처분해요.', 15, '2023-07-02 09:15:25', '2022-10-04 14:34:17');
insert into product_img(is_defect, product_img_url, product_id) values(false, 'https://shroop-s3.s3.ap-northeast-2.amazonaws.com/7-1.webp', 2);
insert into product_img(is_defect, product_img_url, product_id) values(false, 'https://shroop-s3.s3.ap-northeast-2.amazonaws.com/7-2.webp', 2);
insert into product_img(is_defect, product_img_url, product_id) values(false, 'https://shroop-s3.s3.ap-northeast-2.amazonaws.com/7-3.webp', 2);

insert into product (id, seller_id, category_id, title, product_grade, brand, price, is_checked_delivery_fee, content, purchase_date, is_defect, sale_reason, likes, create_date, update_date) values (3, 8, 5, '도레미곰 45권 + CD6장 + 도레미 송북 팝니다.', 'UPPER', '도레미', 90000, true, '풀세트입니다.\n책을 너무 늦게 들여서 별로 활용을 못해서 상태 아주아주 깨끗하고 좋아요.\n세이펜 스티커는 책 표지에 이쁘게 붙여 두었습니다.', '2022-11-07', false, '책을 너무 늦게 들여서 별로 활용을 못해서 팝니다.', 4, '2022-12-02 09:15:25', '2023-01-04 14:34:17');
insert into product_img(is_defect, product_img_url, product_id) values(false, 'https://shroop-s3.s3.ap-northeast-2.amazonaws.com/8-1.webp', 3);
insert into product_img(is_defect, product_img_url, product_id) values(false, 'https://shroop-s3.s3.ap-northeast-2.amazonaws.com/8-2.webp', 3);
insert into product_img(is_defect, product_img_url, product_id) values(false, 'https://shroop-s3.s3.ap-northeast-2.amazonaws.com/8-3.webp', 3);
insert into product_img(is_defect, product_img_url, product_id) values(false, 'https://shroop-s3.s3.ap-northeast-2.amazonaws.com/8-4.webp', 3);

insert into product (id, seller_id, category_id, title, product_grade, brand, price, is_checked_delivery_fee, content, purchase_date, is_defect, sale_reason, likes, create_date, update_date) values (4, 9, 2, '스토케 트립트랩 화이트 팝니다.', 'UPPER', '스토케 트립트랩', 200000, true, '스토케 트립트랩 화이트예요\n상태 좋아요\n하지만 예민하신분은 패스해주세요', '2023-01-23', false, '다른 의자를 사서 팝니다.', 8, '2023-04-13 09:15:25', '2023-05-07 14:34:17');
insert into product_img(is_defect, product_img_url, product_id) values(false, 'https://shroop-s3.s3.ap-northeast-2.amazonaws.com/9-1.webp', 4);
insert into product_img(is_defect, product_img_url, product_id) values(false, 'https://shroop-s3.s3.ap-northeast-2.amazonaws.com/9-2.webp', 4);
insert into product_img(is_defect, product_img_url, product_id) values(false, 'https://shroop-s3.s3.ap-northeast-2.amazonaws.com/9-3.webp', 4);
insert into product_img(is_defect, product_img_url, product_id) values(false, 'https://shroop-s3.s3.ap-northeast-2.amazonaws.com/9-4.webp', 4);
insert into product_img(is_defect, product_img_url, product_id) values(false, 'https://shroop-s3.s3.ap-northeast-2.amazonaws.com/9-5.webp', 4);

insert into product (id, seller_id, category_id, title, product_grade, brand, price, is_checked_delivery_fee, content, purchase_date, is_defect, sale_reason, likes, create_date, update_date) values (5, 10, 1, 'lg와이드모니터 팝니다.', 'UPPER', 'lg / 와이드모니터', 30000, false, '사진상 내용 이구요.\n목 디스크 돌아가지\n않습니다. 새걸로 바꾸면서\n내놓습니다', '2019-05-10', true, '새걸로 바꾸면서 내놓습니다.', 3, '2023-06-20 09:15:25', '2023-06-21 14:34:17');
insert into product_img(is_defect, product_img_url, product_id) values(false, 'https://shroop-s3.s3.ap-northeast-2.amazonaws.com/10-1.webp', 5);
insert into product_img(is_defect, product_img_url, product_id) values(false, 'https://shroop-s3.s3.ap-northeast-2.amazonaws.com/10-2.webp', 5);
insert into product_img(is_defect, product_img_url, product_id) values(true, 'https://shroop-s3.s3.ap-northeast-2.amazonaws.com/10-3.webp', 5);
insert into product_img(is_defect, product_img_url, product_id) values(true, 'https://shroop-s3.s3.ap-northeast-2.amazonaws.com/10-4.webp', 5);

insert into product (id, seller_id, category_id, title, product_grade, brand, price, is_checked_delivery_fee, content, purchase_date, is_defect, sale_reason, likes, create_date, update_date) values (6, 11, 1, '다이슨 V8 카본 파이퍼 청소기 팝니다.', 'MIDDLE', '다이슨 / v8', 30000, false, '다이슨 V8 카본 파이퍼 청소기 팝니다\n현재 배터리는 고장난상태로 풀 충전해도 지속시간 약 5초가량입니다\n다이슨에서 배터리 교체비용 약 9.9만원으로 확인하였습니다\n(배터리 배송오면 직접 교체해야된다고 했습니다)\n구매가 약 48만원이며 구매시기 20년 12월입니다\n부속품 다 있고(3번째 사진), 다이슨 가방도 있습니다\n부속품은 아예 사용하지않아서 다 새거입니다\n본체의 흠집부분은 참고하세요~(2번째 사진)', '2020-12-10', true, '새걸로 바꾸면서 내놓습니다.', 50, '2023-06-02 09:15:25', '2023-06-21 14:34:17');
insert into product_img(is_defect, product_img_url, product_id) values(false, 'https://shroop-s3.s3.ap-northeast-2.amazonaws.com/11-1.webp', 6);
insert into product_img(is_defect, product_img_url, product_id) values(true, 'https://shroop-s3.s3.ap-northeast-2.amazonaws.com/11-2.webp', 6);
insert into product_img(is_defect, product_img_url, product_id) values(false, 'https://shroop-s3.s3.ap-northeast-2.amazonaws.com/11-3.webp', 6);
insert into product_img(is_defect, product_img_url, product_id) values(true, 'https://shroop-s3.s3.ap-northeast-2.amazonaws.com/11-4.webp', 6);
insert into product_img(is_defect, product_img_url, product_id) values(false, 'https://shroop-s3.s3.ap-northeast-2.amazonaws.com/11-5.webp', 6);

insert into product (id, seller_id, category_id, title, product_grade, brand, price, is_checked_delivery_fee, content, purchase_date, is_defect, sale_reason, likes, create_date, update_date) values (7, 6, 1, '삼성 냉장고 255L 팝니다.', 'UPPER', '삼성 / 냉장고 255L', 150000, true, '가게에서 음료만 사용했습니다\n크게들어가고 깻낀데 없어요\n쿨거래 희망합니다', '2015-08-16',  false, '새걸로 바꾸면서 내놓습니다.', 5, '2023-04-02 09:15:25', '2023-06-21 14:34:17');
insert into product_img(is_defect, product_img_url, product_id) values(false, 'https://shroop-s3.s3.ap-northeast-2.amazonaws.com/12-1.webp', 7);
insert into product_img(is_defect, product_img_url, product_id) values(false, 'https://shroop-s3.s3.ap-northeast-2.amazonaws.com/12-2.webp', 7);
insert into product_img(is_defect, product_img_url, product_id) values(false, 'https://shroop-s3.s3.ap-northeast-2.amazonaws.com/12-3.webp', 7);
insert into product_img(is_defect, product_img_url, product_id) values(false, 'https://shroop-s3.s3.ap-northeast-2.amazonaws.com/12-4.webp', 7);

insert into product (id, seller_id, category_id, title, product_grade, brand, price, is_checked_delivery_fee, content, purchase_date, is_defect, sale_reason, likes, create_date, update_date) values (8, 7, 3, '정품 나이키 바람막이 팝니다.', 'UPPER', '나이키 / 바람막이', 20000, true, '2022년형 여성 바람막이입니다.\n잊고 드라이를 못해 군데군데 오염이 있어요\n깨끗히 드라이하셔서 입거나 운동하실 때 편하게 입으실 분 운포로 드려요\n여자 m size 로 프리사이즈 총장 59정도입니다.', '2015-08-16', false, '이제 안입어서 내놓습니다.', 34, '2023-05-22 09:15:25', '2023-06-21 14:34:17');
insert into product_img(is_defect, product_img_url, product_id) values(false, 'https://shroop-s3.s3.ap-northeast-2.amazonaws.com/16-1.webp', 8);
insert into product_img(is_defect, product_img_url, product_id) values(false, 'https://shroop-s3.s3.ap-northeast-2.amazonaws.com/16-2.webp', 8);
insert into product_img(is_defect, product_img_url, product_id) values(false, 'https://shroop-s3.s3.ap-northeast-2.amazonaws.com/16-3.webp', 8);
insert into product_img(is_defect, product_img_url, product_id) values(false, 'https://shroop-s3.s3.ap-northeast-2.amazonaws.com/16-4.webp', 8);
insert into product_img(is_defect, product_img_url, product_id) values(false, 'https://shroop-s3.s3.ap-northeast-2.amazonaws.com/16-5.webp', 8);


insert into product (id, seller_id, category_id, title, product_grade, brand, price, is_checked_delivery_fee, content, purchase_date, is_defect, sale_reason, likes, create_date, update_date) values (9, 5, 1, 'Hamlet', 'LOWER', 'eget', 48925, false, 'eget rutrum at lorem integer tincidunt ante vel ipsum praesent blandit', '2019-01-18', true, 'non velit donec diam neque vestibulum eget vulputate ut ultrices vel augue vestibulum', 9, '2020-12-24 21:36:35', '2021-04-08 12:16:58');
insert into product (id, seller_id, category_id, title, product_grade, brand, price, is_checked_delivery_fee, content, purchase_date, is_defect, sale_reason, likes, create_date, update_date) values (10, 4, 4, 'Never Met Picasso', 'LOWER', 'sed', 10816, false, 'ultrices libero non mattis pulvinar nulla pede ullamcorper augue a', '2017-10-05', true, 'magna vestibulum aliquet ultrices erat tortor sollicitudin mi sit amet lobortis sapien sapien non mi integer ac', 22, '2020-09-18 07:48:50', '2021-08-05 05:16:08');
insert into product (id, seller_id, category_id, title, product_grade, brand, price, is_checked_delivery_fee, content, purchase_date, is_defect, sale_reason, likes, create_date, update_date) values (11, 9, 1, 'Fara', 'LOWER', 'dui', 66574, false, 'id luctus nec molestie sed justo pellentesque viverra pede ac diam cras pellentesque volutpat', '2017-12-02', true, 'ante ipsum primis in faucibus orci luctus et ultrices posuere cubilia curae', 29, '2020-12-28 20:00:58', '2021-03-10 21:55:39');
insert into product (id, seller_id, category_id, title, product_grade, brand, price, is_checked_delivery_fee, content, purchase_date, is_defect, sale_reason, likes, create_date, update_date) values (12, 9, 4, 'Pain in the Ass, A (L''emmerdeur)', 'MIDDLE', 'tristique', 89966, false, 'praesent blandit lacinia erat vestibulum sed magna at nunc commodo placerat praesent blandit nam', '2018-09-13', false, 'viverra pede ac diam cras pellentesque volutpat dui maecenas tristique est et tempus semper est quam pharetra magna ac', 6, '2020-07-29 02:33:02', '2020-11-17 02:33:02');
insert into product (id, seller_id, category_id, title, product_grade, brand, price, is_checked_delivery_fee, content, purchase_date, is_defect, sale_reason, likes, create_date, update_date) values (13, 7, 3, 'Secretary', 'LOWER', 'erat', 62614, true, 'libero quis orci nullam molestie nibh in lectus pellentesque at nulla suspendisse potenti cras in purus eu', '2018-02-28', false, 'pulvinar sed nisl nunc rhoncus dui vel sem sed sagittis nam congue risus semper porta volutpat quam pede lobortis', 6, '2021-04-08 04:05:17', '2021-05-02 20:33:54');
insert into product (id, seller_id, category_id, title, product_grade, brand, price, is_checked_delivery_fee, content, purchase_date, is_defect, sale_reason, likes, create_date, update_date) values (14, 1, 4, 'Knife in the Water (Nóz w wodzie)', 'UPPER', 'arcu', 92289, false, 'lacus at turpis donec posuere metus vitae ipsum aliquam non mauris morbi non lectus', '2017-10-10', true, 'lorem ipsum dolor sit amet consectetuer adipiscing elit proin interdum mauris non ligula pellentesque ultrices phasellus id', 23, '2020-08-31 18:36:03', '2020-11-13 08:54:23');
insert into product (id, seller_id, category_id, title, product_grade, brand, price, is_checked_delivery_fee, content, purchase_date, is_defect, sale_reason, likes, create_date, update_date) values (15, 8, 3, 'Taxidermia', 'UPPER', 'curae', 10639, true, 'felis sed lacus morbi sem mauris laoreet ut rhoncus aliquet pulvinar sed', '2018-09-12', true, 'cum sociis natoque penatibus et magnis dis parturient montes nascetur ridiculus mus etiam vel augue vestibulum rutrum', 9, '2020-08-08 14:48:34', '2021-04-28 08:53:04');
insert into product (id, seller_id, category_id, title, product_grade, brand, price, is_checked_delivery_fee, content, purchase_date, is_defect, sale_reason, likes, create_date, update_date) values (16, 9, 3, 'Dawn of the Dead', 'UPPER', 'dapibus', 16776, true, 'turpis elementum ligula vehicula consequat morbi a ipsum integer a nibh in quis justo', '2017-07-22', true, 'sem praesent id massa id nisl venenatis lacinia aenean sit amet', 23, '2021-03-21 08:39:32', '2021-07-05 17:45:14');
insert into product (id, seller_id, category_id, title, product_grade, brand, price, is_checked_delivery_fee, content, purchase_date, is_defect, sale_reason, likes, create_date, update_date) values (17, 9, 3, 'Ivul', 'UPPER', 'porttitor', 66224, true, 'vivamus in felis eu sapien cursus vestibulum proin eu mi nulla ac enim in tempor', '2020-03-03', true, 'id massa id nisl venenatis lacinia aenean sit amet justo morbi ut odio cras mi pede malesuada', 5, '2021-01-30 10:44:48', '2021-09-12 08:14:38');
insert into product (id, seller_id, category_id, title, product_grade, brand, price, is_checked_delivery_fee, content, purchase_date, is_defect, sale_reason, likes, create_date, update_date) values (18, 8, 2, 'Stoning of Soraya M., The', 'LOWER', 'dapibus', 92284, false, 'vulputate vitae nisl aenean lectus pellentesque eget nunc donec quis orci eget orci vehicula', '2018-12-21', false, 'ut at dolor quis odio consequat varius integer ac leo pellentesque ultrices mattis odio donec vitae nisi nam ultrices', 24, '2021-03-25 15:44:43', '2021-01-15 13:57:42');
insert into product (id, seller_id, category_id, title, product_grade, brand, price, is_checked_delivery_fee, content, purchase_date, is_defect, sale_reason, likes, create_date, update_date) values (19, 3, 1, 'Rulers of the City', 'MIDDLE', 'viverra', 93817, false, 'aenean fermentum donec ut mauris eget massa tempor convallis nulla neque libero convallis eget eleifend luctus', '2018-05-05', true, 'in hac habitasse platea dictumst morbi vestibulum velit id pretium iaculis diam erat fermentum justo nec condimentum neque sapien placerat', 9, '2021-02-10 00:03:20', '2020-12-29 06:15:03');
insert into product (id, seller_id, category_id, title, product_grade, brand, price, is_checked_delivery_fee, content, purchase_date, is_defect, sale_reason, likes, create_date, update_date) values (20, 1, 4, 'Serving Life', 'LOWER', 'eu', 15739, false, 'viverra eget congue eget semper rutrum nulla nunc purus phasellus in felis donec semper sapien a libero nam dui', '2019-07-19', false, 'vel augue vestibulum ante ipsum primis in faucibus orci luctus et ultrices posuere cubilia curae', 26, '2021-03-17 20:27:43', '2020-11-05 18:56:17');
insert into product (id, seller_id, category_id, title, product_grade, brand, price, is_checked_delivery_fee, content, purchase_date, is_defect, sale_reason, likes, create_date, update_date) values (21, 9, 2, 'Paul', 'UPPER', 'erat', 84252, true, 'odio curabitur convallis duis consequat dui nec nisi volutpat eleifend donec ut', '2019-02-21', true, 'luctus ultricies eu nibh quisque id justo sit amet sapien dignissim vestibulum vestibulum ante ipsum primis in faucibus orci luctus', 19, '2020-09-13 02:44:29', '2021-04-26 00:31:29');
insert into product (id, seller_id, category_id, title, product_grade, brand, price, is_checked_delivery_fee, content, purchase_date, is_defect, sale_reason, likes, create_date, update_date) values (22, 10, 4, 'Study in Terror, A', 'MIDDLE', 'nisi', 1522, true, 'id lobortis convallis tortor risus dapibus augue vel accumsan tellus nisi eu orci mauris', '2017-09-24', true, 'in faucibus orci luctus et ultrices posuere cubilia curae donec', 1, '2020-11-17 17:56:34', '2021-05-01 18:53:15');
insert into product (id, seller_id, category_id, title, product_grade, brand, price, is_checked_delivery_fee, content, purchase_date, is_defect, sale_reason, likes, create_date, update_date) values (23, 1, 3, 'The Stranger''s Return', 'UPPER', 'tellus', 24981, true, 'justo lacinia eget tincidunt eget tempus vel pede morbi porttitor lorem id ligula suspendisse ornare consequat lectus in est risus', '2019-12-17', false, 'quis orci nullam molestie nibh in lectus pellentesque at nulla suspendisse', 19, '2021-01-08 09:04:11', '2021-03-12 10:01:08');
insert into product (id, seller_id, category_id, title, product_grade, brand, price, is_checked_delivery_fee, content, purchase_date, is_defect, sale_reason, likes, create_date, update_date) values (24, 6, 3, 'Hillbillys in a Haunted House', 'LOWER', 'pellentesque', 36434, true, 'ut massa volutpat convallis morbi odio odio elementum eu interdum eu tincidunt in leo maecenas pulvinar lobortis est phasellus sit', '2017-11-08', true, 'luctus et ultrices posuere cubilia curae duis faucibus accumsan odio', 29, '2020-09-02 04:08:15', '2021-03-29 18:59:48');
insert into product (id, seller_id, category_id, title, product_grade, brand, price, is_checked_delivery_fee, content, purchase_date, is_defect, sale_reason, likes, create_date, update_date) values (25, 3, 4, 'Love Serenade', 'MIDDLE', 'id', 49694, false, 'tempus vel pede morbi porttitor lorem id ligula suspendisse ornare consequat lectus in est risus auctor sed tristique in tempus', '2018-08-09', true, 'rutrum nulla tellus in sagittis dui vel nisl duis ac nibh fusce lacus', 4, '2020-12-06 13:25:40', '2021-04-11 15:04:41');
insert into product (id, seller_id, category_id, title, product_grade, brand, price, is_checked_delivery_fee, content, purchase_date, is_defect, sale_reason, likes, create_date, update_date) values (26, 3, 3, 'Diary of a Nymphomaniac (Diario de una Ninfómana)', 'UPPER', 'mauris', 31152, true, 'habitasse platea dictumst etiam faucibus cursus urna ut tellus nulla ut erat', '2018-09-07', true, 'hac habitasse platea dictumst etiam faucibus cursus urna ut tellus', 5, '2020-07-30 11:37:28', '2020-12-14 15:35:09');
insert into product (id, seller_id, category_id, title, product_grade, brand, price, is_checked_delivery_fee, content, purchase_date, is_defect, sale_reason, likes, create_date, update_date) values (27, 2, 3, 'Woman Is a Woman, A (femme est une femme, Une)', 'UPPER', 'orci', 8968, true, 'nulla sed accumsan felis ut at dolor quis odio consequat', '2018-10-27', true, 'tempus sit amet sem fusce consequat nulla nisl nunc nisl duis bibendum', 24, '2020-08-06 10:14:45', '2020-12-26 09:34:52');
insert into product (id, seller_id, category_id, title, product_grade, brand, price, is_checked_delivery_fee, content, purchase_date, is_defect, sale_reason, likes, create_date, update_date) values (28, 10, 2, 'Tibet: Cry of the Snow Lion', 'MIDDLE', 'in', 70872, false, 'nullam orci pede venenatis non sodales sed tincidunt eu felis fusce posuere felis sed lacus morbi', '2017-06-07', true, 'nec condimentum neque sapien placerat ante nulla justo aliquam quis turpis eget elit sodales', 11, '2020-09-30 04:38:25', '2021-04-20 08:03:41');
insert into product (id, seller_id, category_id, title, product_grade, brand, price, is_checked_delivery_fee, content, purchase_date, is_defect, sale_reason, likes, create_date, update_date) values (29, 5, 4, 'Bad Family (Paha Perhe)', 'MIDDLE', 'tristique', 81633, true, 'volutpat convallis morbi odio odio elementum eu interdum eu tincidunt in', '2018-03-22', true, 'a feugiat et eros vestibulum ac est lacinia nisi venenatis tristique fusce congue diam id ornare', 6, '2021-03-23 16:51:49', '2021-08-19 05:20:35');
insert into product (id, seller_id, category_id, title, product_grade, brand, price, is_checked_delivery_fee, content, purchase_date, is_defect, sale_reason, likes, create_date, update_date) values (30, 10, 2, 'Big Trouble', 'UPPER', 'nam', 98031, false, 'convallis morbi odio odio elementum eu interdum eu tincidunt in leo maecenas', '2018-11-25', true, 'est lacinia nisi venenatis tristique fusce congue diam id ornare imperdiet sapien urna', 14, '2020-09-02 00:55:23', '2020-11-12 00:43:28');
insert into product (id, seller_id, category_id, title, product_grade, brand, price, is_checked_delivery_fee, content, purchase_date, is_defect, sale_reason, likes, create_date, update_date) values (31, 1, 1, 'Batman Beyond: Return of the Joker', 'UPPER', 'duis', 29638, false, 'ultrices aliquet maecenas leo odio condimentum id luctus nec molestie sed justo pellentesque viverra pede ac diam cras pellentesque volutpat', '2018-06-23', true, 'sit amet turpis elementum ligula vehicula consequat morbi a ipsum integer a', 25, '2021-02-06 02:43:10', '2021-05-24 09:58:13');
insert into product (id, seller_id, category_id, title, product_grade, brand, price, is_checked_delivery_fee, content, purchase_date, is_defect, sale_reason, likes, create_date, update_date) values (32, 9, 2, 'Prom Night', 'MIDDLE', 'malesuada', 62255, false, 'integer pede justo lacinia eget tincidunt eget tempus vel pede morbi porttitor lorem id ligula', '2019-02-20', true, 'in tempus sit amet sem fusce consequat nulla nisl nunc nisl duis bibendum felis sed interdum venenatis turpis', 11, '2020-10-07 04:08:49', '2021-09-17 08:57:16');
insert into product (id, seller_id, category_id, title, product_grade, brand, price, is_checked_delivery_fee, content, purchase_date, is_defect, sale_reason, likes, create_date, update_date) values (33, 1, 3, 'Nayak: The Hero', 'LOWER', 'in', 51651, true, 'mus vivamus vestibulum sagittis sapien cum sociis natoque penatibus et magnis dis parturient montes nascetur ridiculus mus', '2018-10-16', false, 'amet sem fusce consequat nulla nisl nunc nisl duis bibendum felis sed interdum venenatis', 30, '2020-10-04 17:24:21', '2021-08-09 01:55:15');
insert into product (id, seller_id, category_id, title, product_grade, brand, price, is_checked_delivery_fee, content, purchase_date, is_defect, sale_reason, likes, create_date, update_date) values (34, 2, 1, 'Personal Best', 'MIDDLE', 'phasellus', 10498, false, 'ridiculus mus vivamus vestibulum sagittis sapien cum sociis natoque penatibus et magnis dis parturient', '2018-05-04', false, 'viverra pede ac diam cras pellentesque volutpat dui maecenas tristique est et tempus semper est quam pharetra magna ac consequat', 1, '2020-11-17 03:35:36', '2021-05-15 21:21:57');
insert into product (id, seller_id, category_id, title, product_grade, brand, price, is_checked_delivery_fee, content, purchase_date, is_defect, sale_reason, likes, create_date, update_date) values (35, 3, 4, 'Resurrection', 'LOWER', 'sit', 60184, false, 'suspendisse ornare consequat lectus in est risus auctor sed tristique in tempus sit', '2019-09-05', true, 'mattis egestas metus aenean fermentum donec ut mauris eget massa tempor convallis nulla neque libero convallis', 11, '2020-06-22 08:30:17', '2021-10-15 11:46:48');
insert into product (id, seller_id, category_id, title, product_grade, brand, price, is_checked_delivery_fee, content, purchase_date, is_defect, sale_reason, likes, create_date, update_date) values (36, 1, 3, 'Crooks in Clover (a.k.a. Monsieur Gangster) (Les tontons flingueurs)', 'UPPER', 'dolor', 57097, true, 'vivamus tortor duis mattis egestas metus aenean fermentum donec ut mauris eget massa tempor convallis nulla', '2018-02-24', true, 'amet nulla quisque arcu libero rutrum ac lobortis vel dapibus at', 13, '2020-08-04 21:58:47', '2021-03-27 05:36:11');
insert into product (id, seller_id, category_id, title, product_grade, brand, price, is_checked_delivery_fee, content, purchase_date, is_defect, sale_reason, likes, create_date, update_date) values (37, 5, 2, 'Love Stinks', 'UPPER', 'erat', 18548, false, 'ac diam cras pellentesque volutpat dui maecenas tristique est et tempus semper est quam pharetra magna ac consequat metus', '2018-05-08', true, 'amet eleifend pede libero quis orci nullam molestie nibh in lectus pellentesque at', 28, '2020-11-19 13:49:27', '2021-09-30 03:06:15');
insert into product (id, seller_id, category_id, title, product_grade, brand, price, is_checked_delivery_fee, content, purchase_date, is_defect, sale_reason, likes, create_date, update_date) values (38, 5, 2, 'S.O.B.', 'MIDDLE', 'eu', 24497, false, 'non velit donec diam neque vestibulum eget vulputate ut ultrices vel', '2017-07-29', false, 'tortor risus dapibus augue vel accumsan tellus nisi eu orci mauris lacinia sapien quis libero nullam sit amet turpis', 21, '2021-03-03 08:27:51', '2021-09-25 18:30:00');
insert into product (id, seller_id, category_id, title, product_grade, brand, price, is_checked_delivery_fee, content, purchase_date, is_defect, sale_reason, likes, create_date, update_date) values (39, 9, 2, 'The Heart of the World', 'UPPER', 'nam', 92671, false, 'pellentesque quisque porta volutpat erat quisque erat eros viverra eget congue eget semper', '2019-10-07', true, 'sapien cursus vestibulum proin eu mi nulla ac enim in', 15, '2020-08-14 19:17:06', '2021-02-12 18:23:12');
insert into product (id, seller_id, category_id, title, product_grade, brand, price, is_checked_delivery_fee, content, purchase_date, is_defect, sale_reason, likes, create_date, update_date) values (40, 10, 1, 'Ned Kelly', 'LOWER', 'non', 2046, true, 'id justo sit amet sapien dignissim vestibulum vestibulum ante ipsum', '2019-07-17', false, 'integer pede justo lacinia eget tincidunt eget tempus vel pede', 6, '2020-08-25 15:52:29', '2021-07-31 22:57:01');
insert into product (id, seller_id, category_id, title, product_grade, brand, price, is_checked_delivery_fee, content, purchase_date, is_defect, sale_reason, likes, create_date, update_date) values (41, 9, 3, 'Donald Glover: Weirdo', 'LOWER', 'vestibulum', 12768, true, 'aliquam erat volutpat in congue etiam justo etiam pretium iaculis justo in hac', '2017-12-15', true, 'tristique est et tempus semper est quam pharetra magna ac consequat metus sapien ut nunc', 6, '2021-02-12 13:53:24', '2021-09-16 15:18:49');
insert into product (id, seller_id, category_id, title, product_grade, brand, price, is_checked_delivery_fee, content, purchase_date, is_defect, sale_reason, likes, create_date, update_date) values (42, 7, 3, 'Theory of Flight, The', 'MIDDLE', 'eu', 22525, true, 'ipsum ac tellus semper interdum mauris ullamcorper purus sit amet nulla quisque arcu libero rutrum ac', '2018-04-13', true, 'bibendum felis sed interdum venenatis turpis enim blandit mi in porttitor pede justo', 5, '2021-03-20 15:03:33', '2021-09-14 07:39:32');
insert into product (id, seller_id, category_id, title, product_grade, brand, price, is_checked_delivery_fee, content, purchase_date, is_defect, sale_reason, likes, create_date, update_date) values (43, 3, 4, 'See You Next Tuesday', 'LOWER', 'pulvinar', 89343, false, 'aliquet at feugiat non pretium quis lectus suspendisse potenti in eleifend quam', '2018-06-22', false, 'ligula sit amet eleifend pede libero quis orci nullam molestie nibh', 9, '2020-07-18 23:23:05', '2021-02-26 08:45:19');
insert into product (id, seller_id, category_id, title, product_grade, brand, price, is_checked_delivery_fee, content, purchase_date, is_defect, sale_reason, likes, create_date, update_date) values (44, 10, 1, 'Captain Horatio Hornblower R.N.', 'LOWER', 'libero', 38847, false, 'suscipit a feugiat et eros vestibulum ac est lacinia nisi venenatis tristique', '2018-02-27', true, 'aenean fermentum donec ut mauris eget massa tempor convallis nulla neque libero', 3, '2020-09-17 14:22:54', '2021-04-28 10:49:01');
insert into product (id, seller_id, category_id, title, product_grade, brand, price, is_checked_delivery_fee, content, purchase_date, is_defect, sale_reason, likes, create_date, update_date) values (45, 7, 2, 'Firecreek', 'UPPER', 'primis', 89754, false, 'aliquam lacus morbi quis tortor id nulla ultrices aliquet maecenas leo odio condimentum', '2017-07-28', false, 'blandit mi in porttitor pede justo eu massa donec dapibus duis at velit eu', 10, '2020-07-03 19:45:01', '2021-01-17 17:52:06');
insert into product (id, seller_id, category_id, title, product_grade, brand, price, is_checked_delivery_fee, content, purchase_date, is_defect, sale_reason, likes, create_date, update_date) values (46, 1, 2, 'Watchers', 'LOWER', 'nulla', 88470, true, 'donec vitae nisi nam ultrices libero non mattis pulvinar nulla', '2017-09-10', false, 'et tempus semper est quam pharetra magna ac consequat metus sapien', 10, '2020-11-29 20:23:32', '2021-02-23 04:23:40');
insert into product (id, seller_id, category_id, title, product_grade, brand, price, is_checked_delivery_fee, content, purchase_date, is_defect, sale_reason, likes, create_date, update_date) values (47, 1, 4, 'Intersection', 'MIDDLE', 'vitae', 64797, true, 'morbi vestibulum velit id pretium iaculis diam erat fermentum justo nec condimentum neque sapien', '2017-10-25', false, 'nulla dapibus dolor vel est donec odio justo sollicitudin ut', 27, '2021-01-25 10:21:11', '2021-05-15 11:46:41');
insert into product (id, seller_id, category_id, title, product_grade, brand, price, is_checked_delivery_fee, content, purchase_date, is_defect, sale_reason, likes, create_date, update_date) values (48, 8, 2, 'Santa''s Pocket Watch', 'LOWER', 'elementum', 2416, true, 'at turpis a pede posuere nonummy integer non velit donec diam', '2018-03-28', true, 'quisque ut erat curabitur gravida nisi at nibh in hac habitasse platea dictumst', 14, '2021-01-18 10:25:45', '2021-01-24 20:33:59');
insert into product (id, seller_id, category_id, title, product_grade, brand, price, is_checked_delivery_fee, content, purchase_date, is_defect, sale_reason, likes, create_date, update_date) values (49, 1, 3, 'I''m Gonna Explode (a.k.a. I''m Going to Explode) (Voy a explotar)', 'UPPER', 'tempor', 56629, false, 'quam sollicitudin vitae consectetuer eget rutrum at lorem integer tincidunt ante vel ipsum praesent blandit', '2019-08-19', false, 'ipsum primis in faucibus orci luctus et ultrices posuere cubilia curae', 13, '2020-11-01 22:13:03', '2021-07-13 11:05:39');
insert into product (id, seller_id, category_id, title, product_grade, brand, price, is_checked_delivery_fee, content, purchase_date, is_defect, sale_reason, likes, create_date, update_date) values (50, 4, 4, 'Shalako', 'MIDDLE', 'eu', 39367, true, 'sociis natoque penatibus et magnis dis parturient montes nascetur ridiculus mus vivamus', '2019-07-14', false, 'pellentesque ultrices phasellus id sapien in sapien iaculis congue vivamus', 4, '2021-04-07 04:39:50', '2021-01-19 05:06:37');
insert into product (id, seller_id, category_id, title, product_grade, brand, price, is_checked_delivery_fee, content, purchase_date, is_defect, sale_reason, likes, create_date, update_date) values (51, 5, 1, 'Life Back Then (Antoki no inochi)', 'UPPER', 'luctus', 41544, true, 'libero nam dui proin leo odio porttitor id consequat in consequat ut', '2019-04-03', true, 'lacinia sapien quis libero nullam sit amet turpis elementum ligula vehicula consequat morbi a ipsum integer a nibh in quis', 29, '2021-01-31 06:24:12', '2021-05-01 11:04:14');
insert into product (id, seller_id, category_id, title, product_grade, brand, price, is_checked_delivery_fee, content, purchase_date, is_defect, sale_reason, likes, create_date, update_date) values (52, 1, 3, 'Metsän tarina', 'LOWER', 'luctus', 93288, false, 'sit amet erat nulla tempus vivamus in felis eu sapien cursus vestibulum proin eu mi nulla ac', '2017-08-23', true, 'curae nulla dapibus dolor vel est donec odio justo sollicitudin ut suscipit a feugiat et eros', 11, '2020-07-06 08:37:39', '2021-04-28 02:49:02');
insert into product (id, seller_id, category_id, title, product_grade, brand, price, is_checked_delivery_fee, content, purchase_date, is_defect, sale_reason, likes, create_date, update_date) values (53, 7, 3, 'Grapes of Death, The (Raisins de la mort, Les)', 'MIDDLE', 'sit', 20596, true, 'rutrum nulla nunc purus phasellus in felis donec semper sapien a libero nam dui proin leo odio porttitor id', '2018-01-29', true, 'odio porttitor id consequat in consequat ut nulla sed accumsan felis ut at', 24, '2021-01-13 00:57:08', '2021-03-20 10:10:28');
insert into product (id, seller_id, category_id, title, product_grade, brand, price, is_checked_delivery_fee, content, purchase_date, is_defect, sale_reason, likes, create_date, update_date) values (54, 4, 2, 'Lancelot of the Lake (Lancelot du Lac)', 'MIDDLE', 'tincidunt', 30080, false, 'quisque erat eros viverra eget congue eget semper rutrum nulla nunc', '2017-11-21', true, 'maecenas rhoncus aliquam lacus morbi quis tortor id nulla ultrices aliquet maecenas leo odio condimentum id luctus nec molestie sed', 5, '2020-12-30 11:10:09', '2021-04-13 21:44:52');
insert into product (id, seller_id, category_id, title, product_grade, brand, price, is_checked_delivery_fee, content, purchase_date, is_defect, sale_reason, likes, create_date, update_date) values (55, 7, 2, 'True Confession', 'MIDDLE', 'morbi', 10384, true, 'mus etiam vel augue vestibulum rutrum rutrum neque aenean auctor gravida', '2019-06-20', false, 'quis augue luctus tincidunt nulla mollis molestie lorem quisque ut erat curabitur gravida nisi at nibh in hac habitasse', 24, '2020-09-05 02:25:10', '2021-02-27 18:55:05');
insert into product (id, seller_id, category_id, title, product_grade, brand, price, is_checked_delivery_fee, content, purchase_date, is_defect, sale_reason, likes, create_date, update_date) values (56, 8, 3, 'Nebraska', 'LOWER', 'felis', 77281, false, 'nulla nunc purus phasellus in felis donec semper sapien a libero nam dui proin leo odio', '2020-01-06', true, 'dapibus duis at velit eu est congue elementum in hac habitasse platea', 30, '2020-11-15 21:35:19', '2021-06-11 08:18:11');
insert into product (id, seller_id, category_id, title, product_grade, brand, price, is_checked_delivery_fee, content, purchase_date, is_defect, sale_reason, likes, create_date, update_date) values (57, 4, 4, 'Miami Vice', 'UPPER', 'tempus', 80883, false, 'nulla pede ullamcorper augue a suscipit nulla elit ac nulla sed vel enim sit amet nunc viverra', '2018-01-24', true, 'cursus vestibulum proin eu mi nulla ac enim in tempor turpis nec euismod scelerisque quam turpis adipiscing lorem vitae', 3, '2020-06-11 21:03:43', '2021-09-12 00:50:11');
insert into product (id, seller_id, category_id, title, product_grade, brand, price, is_checked_delivery_fee, content, purchase_date, is_defect, sale_reason, likes, create_date, update_date) values (58, 4, 4, 'Curb Dance', 'MIDDLE', 'vulputate', 2882, false, 'eget semper rutrum nulla nunc purus phasellus in felis donec semper sapien a libero nam dui proin leo odio porttitor', '2017-10-12', true, 'nulla ultrices aliquet maecenas leo odio condimentum id luctus nec molestie sed', 15, '2021-02-10 05:47:50', '2021-07-03 10:36:06');
insert into product (id, seller_id, category_id, title, product_grade, brand, price, is_checked_delivery_fee, content, purchase_date, is_defect, sale_reason, likes, create_date, update_date) values (59, 9, 1, 'Salt', 'LOWER', 'arcu', 47579, true, 'tempus sit amet sem fusce consequat nulla nisl nunc nisl duis bibendum felis sed interdum venenatis turpis enim', '2018-10-28', true, 'rhoncus mauris enim leo rhoncus sed vestibulum sit amet cursus id turpis integer aliquet massa id lobortis', 2, '2021-03-26 01:02:08', '2021-04-21 08:59:25');
insert into product (id, seller_id, category_id, title, product_grade, brand, price, is_checked_delivery_fee, content, purchase_date, is_defect, sale_reason, likes, create_date, update_date) values (60, 10, 1, 'Sue', 'UPPER', 'massa', 80379, true, 'lorem ipsum dolor sit amet consectetuer adipiscing elit proin risus praesent lectus vestibulum quam sapien varius ut blandit non interdum', '2019-12-11', true, 'integer aliquet massa id lobortis convallis tortor risus dapibus augue vel accumsan tellus nisi eu', 26, '2021-02-03 17:08:08', '2020-11-05 10:53:55');
insert into product (id, seller_id, category_id, title, product_grade, brand, price, is_checked_delivery_fee, content, purchase_date, is_defect, sale_reason, likes, create_date, update_date) values (61, 2, 2, 'Windstruck (Nae yeojachingureul sogae habnida)', 'LOWER', 'donec', 54470, true, 'pellentesque quisque porta volutpat erat quisque erat eros viverra eget congue eget semper rutrum nulla nunc purus phasellus', '2018-02-20', true, 'facilisi cras non velit nec nisi vulputate nonummy maecenas tincidunt lacus', 18, '2021-04-02 02:39:20', '2021-08-28 08:14:21');
insert into product (id, seller_id, category_id, title, product_grade, brand, price, is_checked_delivery_fee, content, purchase_date, is_defect, sale_reason, likes, create_date, update_date) values (62, 1, 2, 'Fathers'' Day', 'UPPER', 'magnis', 81367, false, 'in hac habitasse platea dictumst aliquam augue quam sollicitudin vitae consectetuer eget', '2019-06-28', false, 'sit amet nulla quisque arcu libero rutrum ac lobortis vel dapibus at diam nam tristique tortor eu pede', 14, '2020-06-08 18:50:17', '2021-03-30 16:30:21');
insert into product (id, seller_id, category_id, title, product_grade, brand, price, is_checked_delivery_fee, content, purchase_date, is_defect, sale_reason, likes, create_date, update_date) values (63, 1, 4, 'Shadows', 'UPPER', 'nec', 97912, false, 'libero ut massa volutpat convallis morbi odio odio elementum eu interdum', '2019-05-12', false, 'dolor sit amet consectetuer adipiscing elit proin risus praesent lectus vestibulum quam sapien varius', 22, '2020-07-29 04:54:14', '2021-02-20 00:56:19');
insert into product (id, seller_id, category_id, title, product_grade, brand, price, is_checked_delivery_fee, content, purchase_date, is_defect, sale_reason, likes, create_date, update_date) values (64, 7, 3, 'White Stripes Under Great White Northern Lights, The', 'LOWER', 'dui', 79394, true, 'in imperdiet et commodo vulputate justo in blandit ultrices enim lorem ipsum', '2020-01-17', true, 'a feugiat et eros vestibulum ac est lacinia nisi venenatis tristique', 4, '2020-06-15 13:25:15', '2021-01-04 18:44:04');
insert into product (id, seller_id, category_id, title, product_grade, brand, price, is_checked_delivery_fee, content, purchase_date, is_defect, sale_reason, likes, create_date, update_date) values (65, 3, 3, 'Time Bandits', 'LOWER', 'luctus', 81504, false, 'fermentum donec ut mauris eget massa tempor convallis nulla neque libero convallis', '2018-11-26', false, 'nec sem duis aliquam convallis nunc proin at turpis a pede posuere nonummy', 7, '2020-07-04 13:37:44', '2021-10-14 15:23:14');
insert into product (id, seller_id, category_id, title, product_grade, brand, price, is_checked_delivery_fee, content, purchase_date, is_defect, sale_reason, likes, create_date, update_date) values (66, 1, 2, 'Apparition, The', 'MIDDLE', 'consequat', 25051, true, 'consequat lectus in est risus auctor sed tristique in tempus sit amet sem fusce', '2018-05-20', true, 'tincidunt eu felis fusce posuere felis sed lacus morbi sem mauris laoreet ut rhoncus aliquet pulvinar sed', 10, '2020-10-21 05:38:14', '2021-10-22 09:16:25');
insert into product (id, seller_id, category_id, title, product_grade, brand, price, is_checked_delivery_fee, content, purchase_date, is_defect, sale_reason, likes, create_date, update_date) values (67, 9, 3, 'In the Company of Men', 'LOWER', 'congue', 35561, false, 'libero quis orci nullam molestie nibh in lectus pellentesque at nulla suspendisse potenti cras in purus eu magna vulputate', '2018-01-09', true, 'amet diam in magna bibendum imperdiet nullam orci pede venenatis non sodales', 11, '2020-12-23 19:36:37', '2020-11-09 08:47:05');
insert into product (id, seller_id, category_id, title, product_grade, brand, price, is_checked_delivery_fee, content, purchase_date, is_defect, sale_reason, likes, create_date, update_date) values (68, 3, 1, '''Round Midnight', 'UPPER', 'diam', 70985, true, 'at dolor quis odio consequat varius integer ac leo pellentesque ultrices mattis odio', '2020-01-17', true, 'vel sem sed sagittis nam congue risus semper porta volutpat quam pede lobortis ligula', 9, '2020-08-30 21:50:20', '2021-01-30 00:23:59');
insert into product (id, seller_id, category_id, title, product_grade, brand, price, is_checked_delivery_fee, content, purchase_date, is_defect, sale_reason, likes, create_date, update_date) values (69, 7, 4, 'Not Another Not Another Movie', 'LOWER', 'aliquam', 46837, true, 'sit amet sem fusce consequat nulla nisl nunc nisl duis', '2019-02-05', false, 'proin at turpis a pede posuere nonummy integer non velit donec diam neque vestibulum eget vulputate ut', 3, '2021-01-22 06:51:57', '2021-05-22 11:03:34');
insert into product (id, seller_id, category_id, title, product_grade, brand, price, is_checked_delivery_fee, content, purchase_date, is_defect, sale_reason, likes, create_date, update_date) values (70, 7, 2, 'By the Pricking of My Thumbs (Mon petit doigt m''a dit...)', 'UPPER', 'erat', 26201, true, 'feugiat non pretium quis lectus suspendisse potenti in eleifend quam a odio in hac habitasse platea dictumst maecenas ut massa', '2019-05-25', false, 'rutrum nulla tellus in sagittis dui vel nisl duis ac nibh fusce', 23, '2020-11-11 21:52:59', '2021-05-24 21:33:24');
insert into product (id, seller_id, category_id, title, product_grade, brand, price, is_checked_delivery_fee, content, purchase_date, is_defect, sale_reason, likes, create_date, update_date) values (71, 8, 4, '2 Days in New York', 'UPPER', 'lacus', 81935, false, 'integer a nibh in quis justo maecenas rhoncus aliquam lacus morbi quis tortor id nulla ultrices aliquet maecenas leo', '2019-07-10', true, 'mauris morbi non lectus aliquam sit amet diam in magna bibendum imperdiet', 14, '2020-07-20 14:47:55', '2021-07-31 18:22:23');
insert into product (id, seller_id, category_id, title, product_grade, brand, price, is_checked_delivery_fee, content, purchase_date, is_defect, sale_reason, likes, create_date, update_date) values (72, 10, 2, 'What Just Happened', 'MIDDLE', 'vestibulum', 19448, true, 'id mauris vulputate elementum nullam varius nulla facilisi cras non', '2020-03-01', false, 'aenean auctor gravida sem praesent id massa id nisl venenatis lacinia aenean sit amet justo morbi ut odio cras mi', 8, '2020-07-30 07:31:52', '2021-05-18 08:34:22');
insert into product (id, seller_id, category_id, title, product_grade, brand, price, is_checked_delivery_fee, content, purchase_date, is_defect, sale_reason, likes, create_date, update_date) values (73, 9, 2, 'Ramen Girl, The', 'UPPER', 'in', 42772, true, 'donec pharetra magna vestibulum aliquet ultrices erat tortor sollicitudin mi sit amet lobortis sapien sapien', '2019-08-27', false, 'diam cras pellentesque volutpat dui maecenas tristique est et tempus semper est quam pharetra magna', 15, '2020-08-22 04:42:14', '2021-08-19 13:15:45');
insert into product (id, seller_id, category_id, title, product_grade, brand, price, is_checked_delivery_fee, content, purchase_date, is_defect, sale_reason, likes, create_date, update_date) values (74, 2, 3, 'Duel at Diablo', 'MIDDLE', 'luctus', 53002, true, 'ultrices libero non mattis pulvinar nulla pede ullamcorper augue a suscipit nulla elit ac nulla sed vel enim sit', '2018-10-20', false, 'vestibulum aliquet ultrices erat tortor sollicitudin mi sit amet lobortis sapien sapien non mi integer ac', 11, '2020-06-17 01:26:22', '2021-04-04 19:47:07');
insert into product (id, seller_id, category_id, title, product_grade, brand, price, is_checked_delivery_fee, content, purchase_date, is_defect, sale_reason, likes, create_date, update_date) values (75, 7, 1, 'Paradise for Three', 'LOWER', 'morbi', 91729, true, 'nulla justo aliquam quis turpis eget elit sodales scelerisque mauris sit amet eros suspendisse accumsan tortor quis turpis', '2018-11-09', true, 'faucibus orci luctus et ultrices posuere cubilia curae nulla dapibus dolor vel est donec odio', 15, '2020-12-19 09:59:57', '2021-02-10 14:35:37');
insert into product (id, seller_id, category_id, title, product_grade, brand, price, is_checked_delivery_fee, content, purchase_date, is_defect, sale_reason, likes, create_date, update_date) values (76, 7, 1, 'Safe House', 'LOWER', 'sed', 38769, true, 'fringilla rhoncus mauris enim leo rhoncus sed vestibulum sit amet cursus id turpis integer aliquet massa id', '2018-07-12', true, 'consequat metus sapien ut nunc vestibulum ante ipsum primis in', 17, '2020-07-09 23:22:53', '2021-10-26 19:48:29');
insert into product (id, seller_id, category_id, title, product_grade, brand, price, is_checked_delivery_fee, content, purchase_date, is_defect, sale_reason, likes, create_date, update_date) values (77, 2, 1, 'Girl from Monaco, The (fille de Monaco, La)', 'LOWER', 'non', 42111, false, 'pede malesuada in imperdiet et commodo vulputate justo in blandit ultrices enim lorem ipsum dolor', '2019-01-09', false, 'tellus in sagittis dui vel nisl duis ac nibh fusce', 23, '2020-07-02 04:57:07', '2021-10-17 23:03:31');
insert into product (id, seller_id, category_id, title, product_grade, brand, price, is_checked_delivery_fee, content, purchase_date, is_defect, sale_reason, likes, create_date, update_date) values (78, 4, 2, 'Kabul Express', 'UPPER', 'morbi', 50321, true, 'justo in blandit ultrices enim lorem ipsum dolor sit amet', '2018-10-27', false, 'eget semper rutrum nulla nunc purus phasellus in felis donec semper sapien', 24, '2020-07-02 08:47:20', '2021-04-11 15:33:03');
insert into product (id, seller_id, category_id, title, product_grade, brand, price, is_checked_delivery_fee, content, purchase_date, is_defect, sale_reason, likes, create_date, update_date) values (79, 3, 1, 'Monster, The (Mostro, Il)', 'MIDDLE', 'ornare', 29287, false, 'nisl nunc rhoncus dui vel sem sed sagittis nam congue risus semper porta volutpat quam pede', '2019-07-12', false, 'erat eros viverra eget congue eget semper rutrum nulla nunc purus phasellus in felis donec semper sapien a libero', 14, '2020-08-24 14:31:05', '2020-11-14 20:42:06');
insert into product (id, seller_id, category_id, title, product_grade, brand, price, is_checked_delivery_fee, content, purchase_date, is_defect, sale_reason, likes, create_date, update_date) values (80, 1, 2, 'How to Deal', 'LOWER', 'sem', 62732, false, 'convallis tortor risus dapibus augue vel accumsan tellus nisi eu orci mauris lacinia', '2017-12-12', true, 'varius integer ac leo pellentesque ultrices mattis odio donec vitae nisi nam ultrices libero non mattis pulvinar', 11, '2020-10-02 04:49:15', '2020-11-06 22:00:31');
insert into product (id, seller_id, category_id, title, product_grade, brand, price, is_checked_delivery_fee, content, purchase_date, is_defect, sale_reason, likes, create_date, update_date) values (81, 8, 1, 'Rings on Her Fingers', 'LOWER', 'posuere', 61201, true, 'nascetur ridiculus mus vivamus vestibulum sagittis sapien cum sociis natoque penatibus et magnis dis', '2018-03-17', true, 'luctus nec molestie sed justo pellentesque viverra pede ac diam cras pellentesque volutpat dui', 1, '2020-06-22 02:47:08', '2021-02-25 17:07:29');
insert into product (id, seller_id, category_id, title, product_grade, brand, price, is_checked_delivery_fee, content, purchase_date, is_defect, sale_reason, likes, create_date, update_date) values (82, 1, 3, 'Waiting Women (Kvinnors väntan)', 'LOWER', 'in', 2958, true, 'massa quis augue luctus tincidunt nulla mollis molestie lorem quisque ut erat curabitur gravida', '2019-08-24', false, 'tellus nulla ut erat id mauris vulputate elementum nullam varius nulla', 20, '2020-09-17 15:46:26', '2021-08-29 15:52:15');
insert into product (id, seller_id, category_id, title, product_grade, brand, price, is_checked_delivery_fee, content, purchase_date, is_defect, sale_reason, likes, create_date, update_date) values (83, 10, 2, 'Hunt For Gollum, The', 'MIDDLE', 'cubilia', 33474, false, 'odio curabitur convallis duis consequat dui nec nisi volutpat eleifend donec ut dolor', '2019-04-06', false, 'lacinia erat vestibulum sed magna at nunc commodo placerat praesent blandit nam nulla integer pede', 2, '2020-06-17 10:45:06', '2021-03-28 23:59:18');
insert into product (id, seller_id, category_id, title, product_grade, brand, price, is_checked_delivery_fee, content, purchase_date, is_defect, sale_reason, likes, create_date, update_date) values (84, 7, 2, 'Dead Ringer', 'LOWER', 'sodales', 25676, false, 'felis fusce posuere felis sed lacus morbi sem mauris laoreet ut rhoncus aliquet pulvinar sed nisl nunc rhoncus dui vel', '2017-09-07', false, 'non mauris morbi non lectus aliquam sit amet diam in magna bibendum imperdiet nullam orci pede venenatis non sodales', 1, '2020-12-01 22:33:50', '2021-07-09 19:57:34');
insert into product (id, seller_id, category_id, title, product_grade, brand, price, is_checked_delivery_fee, content, purchase_date, is_defect, sale_reason, likes, create_date, update_date) values (85, 3, 3, 'Hell''s Highway', 'LOWER', 'sit', 63582, true, 'vivamus metus arcu adipiscing molestie hendrerit at vulputate vitae nisl aenean lectus pellentesque eget nunc donec quis orci eget', '2019-05-07', false, 'vel est donec odio justo sollicitudin ut suscipit a feugiat et eros vestibulum ac est lacinia', 20, '2021-04-09 02:03:56', '2021-01-03 01:52:45');
insert into product (id, seller_id, category_id, title, product_grade, brand, price, is_checked_delivery_fee, content, purchase_date, is_defect, sale_reason, likes, create_date, update_date) values (86, 8, 2, 'Martha', 'UPPER', 'dapibus', 32696, false, 'felis fusce posuere felis sed lacus morbi sem mauris laoreet ut', '2017-07-01', true, 'aenean sit amet justo morbi ut odio cras mi pede malesuada in imperdiet et commodo vulputate justo in', 1, '2020-12-08 03:32:25', '2021-03-16 15:11:32');
insert into product (id, seller_id, category_id, title, product_grade, brand, price, is_checked_delivery_fee, content, purchase_date, is_defect, sale_reason, likes, create_date, update_date) values (87, 5, 4, 'Ondine', 'MIDDLE', 'morbi', 12818, true, 'vehicula condimentum curabitur in libero ut massa volutpat convallis morbi', '2017-09-02', false, 'ligula sit amet eleifend pede libero quis orci nullam molestie nibh in lectus pellentesque at nulla suspendisse potenti', 11, '2021-01-05 00:38:46', '2021-06-25 10:48:42');
insert into product (id, seller_id, category_id, title, product_grade, brand, price, is_checked_delivery_fee, content, purchase_date, is_defect, sale_reason, likes, create_date, update_date) values (88, 7, 1, 'Barbed Wire', 'UPPER', 'id', 81472, true, 'lectus in est risus auctor sed tristique in tempus sit amet', '2019-01-14', false, 'accumsan odio curabitur convallis duis consequat dui nec nisi volutpat eleifend donec ut dolor morbi vel lectus', 7, '2021-02-07 03:17:55', '2021-07-16 14:45:29');
insert into product (id, seller_id, category_id, title, product_grade, brand, price, is_checked_delivery_fee, content, purchase_date, is_defect, sale_reason, likes, create_date, update_date) values (89, 1, 3, 'Mare Nostrum', 'UPPER', 'suscipit', 84813, true, 'lectus aliquam sit amet diam in magna bibendum imperdiet nullam orci pede venenatis', '2018-02-10', true, 'tincidunt in leo maecenas pulvinar lobortis est phasellus sit amet erat nulla tempus vivamus in felis eu sapien cursus', 5, '2021-02-20 02:56:52', '2020-12-19 09:23:02');
insert into product (id, seller_id, category_id, title, product_grade, brand, price, is_checked_delivery_fee, content, purchase_date, is_defect, sale_reason, likes, create_date, update_date) values (90, 10, 4, 'V: The Final Battle', 'MIDDLE', 'in', 8782, false, 'cras pellentesque volutpat dui maecenas tristique est et tempus semper', '2018-01-19', true, 'rhoncus aliquam lacus morbi quis tortor id nulla ultrices aliquet maecenas leo odio condimentum id luctus nec', 5, '2020-08-16 13:47:18', '2021-02-13 10:50:16');
insert into product (id, seller_id, category_id, title, product_grade, brand, price, is_checked_delivery_fee, content, purchase_date, is_defect, sale_reason, likes, create_date, update_date) values (91, 5, 4, 'Don''t Make Waves', 'LOWER', 'mauris', 35419, false, 'pellentesque ultrices mattis odio donec vitae nisi nam ultrices libero non mattis pulvinar nulla pede', '2018-04-15', true, 'lobortis est phasellus sit amet erat nulla tempus vivamus in felis eu sapien cursus vestibulum proin eu mi nulla ac', 3, '2021-02-22 21:54:23', '2021-06-21 04:04:17');
insert into product (id, seller_id, category_id, title, product_grade, brand, price, is_checked_delivery_fee, content, purchase_date, is_defect, sale_reason, likes, create_date, update_date) values (92, 1, 1, 'Promise Her Anything', 'MIDDLE', 'turpis', 93319, false, 'scelerisque mauris sit amet eros suspendisse accumsan tortor quis turpis sed ante vivamus tortor duis', '2020-02-04', false, 'id nisl venenatis lacinia aenean sit amet justo morbi ut odio', 2, '2021-02-08 16:53:32', '2021-03-10 18:21:28');
insert into product (id, seller_id, category_id, title, product_grade, brand, price, is_checked_delivery_fee, content, purchase_date, is_defect, sale_reason, likes, create_date, update_date) values (93, 4, 2, 'Late Great Planet Earth, The', 'MIDDLE', 'vulputate', 55618, true, 'eu nibh quisque id justo sit amet sapien dignissim vestibulum vestibulum ante ipsum primis in faucibus orci', '2018-09-27', false, 'erat vestibulum sed magna at nunc commodo placerat praesent blandit nam nulla integer pede justo lacinia eget', 13, '2021-01-30 00:35:03', '2021-06-01 13:45:14');
insert into product (id, seller_id, category_id, title, product_grade, brand, price, is_checked_delivery_fee, content, purchase_date, is_defect, sale_reason, likes, create_date, update_date) values (94, 3, 2, 'Ten', 'UPPER', 'ac', 62169, false, 'non quam nec dui luctus rutrum nulla tellus in sagittis dui vel nisl duis ac nibh fusce', '2018-08-29', false, 'orci luctus et ultrices posuere cubilia curae nulla dapibus dolor vel est donec odio justo sollicitudin ut suscipit a', 12, '2020-11-05 12:42:11', '2021-07-08 21:39:41');
insert into product (id, seller_id, category_id, title, product_grade, brand, price, is_checked_delivery_fee, content, purchase_date, is_defect, sale_reason, likes, create_date, update_date) values (95, 1, 2, 'Sasquatch: The Legend of Bigfoot', 'LOWER', 'justo', 63885, false, 'curabitur at ipsum ac tellus semper interdum mauris ullamcorper purus', '2019-12-15', false, 'quis orci nullam molestie nibh in lectus pellentesque at nulla suspendisse potenti cras in purus eu magna vulputate', 3, '2020-07-15 22:48:03', '2021-03-16 09:33:16');
insert into product (id, seller_id, category_id, title, product_grade, brand, price, is_checked_delivery_fee, content, purchase_date, is_defect, sale_reason, likes, create_date, update_date) values (96, 5, 4, 'Justice League: Crisis on Two Earths', 'UPPER', 'pellentesque', 62853, false, 'proin at turpis a pede posuere nonummy integer non velit donec diam neque', '2018-04-11', true, 'in felis eu sapien cursus vestibulum proin eu mi nulla ac enim in tempor turpis', 6, '2021-04-27 01:31:16', '2021-09-26 05:58:10');
insert into product (id, seller_id, category_id, title, product_grade, brand, price, is_checked_delivery_fee, content, purchase_date, is_defect, sale_reason, likes, create_date, update_date) values (97, 3, 2, 'Dog Soldiers', 'UPPER', 'potenti', 19307, true, 'non velit nec nisi vulputate nonummy maecenas tincidunt lacus at velit', '2018-09-03', false, 'maecenas leo odio condimentum id luctus nec molestie sed justo pellentesque', 27, '2020-07-21 04:41:04', '2021-03-05 03:59:17');
insert into product (id, seller_id, category_id, title, product_grade, brand, price, is_checked_delivery_fee, content, purchase_date, is_defect, sale_reason, likes, create_date, update_date) values (98, 9, 4, 'Schlussmacher', 'LOWER', 'platea', 77335, true, 'lectus in est risus auctor sed tristique in tempus sit amet sem fusce consequat nulla nisl nunc nisl', '2019-05-31', true, 'luctus tincidunt nulla mollis molestie lorem quisque ut erat curabitur gravida nisi at nibh in hac habitasse platea', 16, '2020-12-13 03:33:33', '2021-05-11 17:21:13');
insert into product (id, seller_id, category_id, title, product_grade, brand, price, is_checked_delivery_fee, content, purchase_date, is_defect, sale_reason, likes, create_date, update_date) values (99, 7, 1, 'The Legend of Mor''du', 'LOWER', 'orci', 44193, true, 'praesent lectus vestibulum quam sapien varius ut blandit non interdum in ante', '2018-10-22', true, 'natoque penatibus et magnis dis parturient montes nascetur ridiculus mus etiam vel augue vestibulum rutrum rutrum neque aenean auctor gravida', 2, '2020-10-25 10:18:51', '2021-05-02 21:25:44');
insert into product (id, seller_id, category_id, title, product_grade, brand, price, is_checked_delivery_fee, content, purchase_date, is_defect, sale_reason, likes, create_date, update_date) values (100, 1, 1, 'Step Up Love Story (Futari ecchi)', 'LOWER', 'sit', 95214, false, 'tincidunt eget tempus vel pede morbi porttitor lorem id ligula', '2017-09-25', true, 'lectus vestibulum quam sapien varius ut blandit non interdum in ante vestibulum ante ipsum', 4, '2020-09-09 23:41:24', '2021-02-16 21:42:16');


insert into product_img (id, is_defect, product_img_url, product_id) values (33, false, 'https://shroop-s3.s3.ap-northeast-2.amazonaws.com/9-2.webp', 49);
insert into product_img (id, is_defect, product_img_url, product_id) values (34, false, 'https://shroop-s3.s3.ap-northeast-2.amazonaws.com/11-4.webp', 55);
insert into product_img (id, is_defect, product_img_url, product_id) values (35, false, 'https://shroop-s3.s3.ap-northeast-2.amazonaws.com/11-4.webp', 2);
insert into product_img (id, is_defect, product_img_url, product_id) values (36, true, 'https://shroop-s3.s3.ap-northeast-2.amazonaws.com/7-2.webp', 46);
insert into product_img (id, is_defect, product_img_url, product_id) values (37, false, 'https://shroop-s3.s3.ap-northeast-2.amazonaws.com/11-2.webp', 24);
insert into product_img (id, is_defect, product_img_url, product_id) values (38, false, 'https://shroop-s3.s3.ap-northeast-2.amazonaws.com/8-2.webp', 30);
insert into product_img (id, is_defect, product_img_url, product_id) values (39, false, 'https://shroop-s3.s3.ap-northeast-2.amazonaws.com/9-2.webp', 78);
insert into product_img (id, is_defect, product_img_url, product_id) values (40, true, 'https://shroop-s3.s3.ap-northeast-2.amazonaws.com/11-1.webp', 38);
insert into product_img (id, is_defect, product_img_url, product_id) values (41, true, 'https://shroop-s3.s3.ap-northeast-2.amazonaws.com/6-2.webp', 56);
insert into product_img (id, is_defect, product_img_url, product_id) values (42, false, 'https://shroop-s3.s3.ap-northeast-2.amazonaws.com/9-5.webp', 64);
insert into product_img (id, is_defect, product_img_url, product_id) values (43, false, 'https://shroop-s3.s3.ap-northeast-2.amazonaws.com/7-1.webp', 84);
insert into product_img (id, is_defect, product_img_url, product_id) values (44, false, 'https://shroop-s3.s3.ap-northeast-2.amazonaws.com/6-1.webp', 28);
insert into product_img (id, is_defect, product_img_url, product_id) values (45, true, 'https://shroop-s3.s3.ap-northeast-2.amazonaws.com/8-2.webp', 25);
insert into product_img (id, is_defect, product_img_url, product_id) values (46, true, 'https://shroop-s3.s3.ap-northeast-2.amazonaws.com/9-3.webp', 71);
insert into product_img (id, is_defect, product_img_url, product_id) values (47, false, 'https://shroop-s3.s3.ap-northeast-2.amazonaws.com/9-4.webp', 38);
insert into product_img (id, is_defect, product_img_url, product_id) values (48, false, 'https://shroop-s3.s3.ap-northeast-2.amazonaws.com/9-4.webp', 66);
insert into product_img (id, is_defect, product_img_url, product_id) values (49, true, 'https://shroop-s3.s3.ap-northeast-2.amazonaws.com/7-3.webp', 32);
insert into product_img (id, is_defect, product_img_url, product_id) values (50, false, 'https://shroop-s3.s3.ap-northeast-2.amazonaws.com/9-2.webp', 60);
insert into product_img (id, is_defect, product_img_url, product_id) values (51, false, 'https://shroop-s3.s3.ap-northeast-2.amazonaws.com/9-3.webp', 39);
insert into product_img (id, is_defect, product_img_url, product_id) values (52, false, 'https://shroop-s3.s3.ap-northeast-2.amazonaws.com/10-3.webp', 86);
insert into product_img (id, is_defect, product_img_url, product_id) values (53, true, 'https://shroop-s3.s3.ap-northeast-2.amazonaws.com/7-2.webp', 22);
insert into product_img (id, is_defect, product_img_url, product_id) values (54, true, 'https://shroop-s3.s3.ap-northeast-2.amazonaws.com/10-1.webp', 100);
insert into product_img (id, is_defect, product_img_url, product_id) values (55, true, 'https://shroop-s3.s3.ap-northeast-2.amazonaws.com/10-2.webp', 2);
insert into product_img (id, is_defect, product_img_url, product_id) values (56, true, 'https://shroop-s3.s3.ap-northeast-2.amazonaws.com/6-1.webp', 43);
insert into product_img (id, is_defect, product_img_url, product_id) values (57, false, 'https://shroop-s3.s3.ap-northeast-2.amazonaws.com/9-2.webp', 36);
insert into product_img (id, is_defect, product_img_url, product_id) values (58, true, 'https://shroop-s3.s3.ap-northeast-2.amazonaws.com/11-3.webp', 6);
insert into product_img (id, is_defect, product_img_url, product_id) values (59, false, 'https://shroop-s3.s3.ap-northeast-2.amazonaws.com/6-2.webp', 46);
insert into product_img (id, is_defect, product_img_url, product_id) values (60, true, 'https://shroop-s3.s3.ap-northeast-2.amazonaws.com/10-3.webp', 73);
insert into product_img (id, is_defect, product_img_url, product_id) values (61, true, 'https://shroop-s3.s3.ap-northeast-2.amazonaws.com/9-4.webp', 62);
insert into product_img (id, is_defect, product_img_url, product_id) values (62, false, 'https://shroop-s3.s3.ap-northeast-2.amazonaws.com/8-3.webp', 54);
insert into product_img (id, is_defect, product_img_url, product_id) values (63, false, 'https://shroop-s3.s3.ap-northeast-2.amazonaws.com/6-1.webp', 29);
insert into product_img (id, is_defect, product_img_url, product_id) values (64, false, 'https://shroop-s3.s3.ap-northeast-2.amazonaws.com/9-3.webp', 8);
insert into product_img (id, is_defect, product_img_url, product_id) values (65, true, 'https://shroop-s3.s3.ap-northeast-2.amazonaws.com/9-4.webp', 94);
insert into product_img (id, is_defect, product_img_url, product_id) values (66, true, 'https://shroop-s3.s3.ap-northeast-2.amazonaws.com/6-1.webp', 39);
insert into product_img (id, is_defect, product_img_url, product_id) values (67, true, 'https://shroop-s3.s3.ap-northeast-2.amazonaws.com/7-3.webp', 24);
insert into product_img (id, is_defect, product_img_url, product_id) values (68, true, 'https://shroop-s3.s3.ap-northeast-2.amazonaws.com/10-2.webp', 49);
insert into product_img (id, is_defect, product_img_url, product_id) values (69, false, 'https://shroop-s3.s3.ap-northeast-2.amazonaws.com/10-1.webp', 2);
insert into product_img (id, is_defect, product_img_url, product_id) values (70, true, 'https://shroop-s3.s3.ap-northeast-2.amazonaws.com/8-1.webp', 95);
insert into product_img (id, is_defect, product_img_url, product_id) values (71, false, 'https://shroop-s3.s3.ap-northeast-2.amazonaws.com/7-2.webp', 78);
insert into product_img (id, is_defect, product_img_url, product_id) values (72, false, 'https://shroop-s3.s3.ap-northeast-2.amazonaws.com/8-2.webp', 14);
insert into product_img (id, is_defect, product_img_url, product_id) values (73, false, 'https://shroop-s3.s3.ap-northeast-2.amazonaws.com/9-1.webp', 18);
insert into product_img (id, is_defect, product_img_url, product_id) values (74, false, 'https://shroop-s3.s3.ap-northeast-2.amazonaws.com/11-3.webp', 68);
insert into product_img (id, is_defect, product_img_url, product_id) values (75, false, 'https://shroop-s3.s3.ap-northeast-2.amazonaws.com/9-1.webp', 30);
insert into product_img (id, is_defect, product_img_url, product_id) values (76, false, 'https://shroop-s3.s3.ap-northeast-2.amazonaws.com/7-2.webp', 72);
insert into product_img (id, is_defect, product_img_url, product_id) values (77, true, 'https://shroop-s3.s3.ap-northeast-2.amazonaws.com/8-3.webp', 97);
insert into product_img (id, is_defect, product_img_url, product_id) values (78, false, 'https://shroop-s3.s3.ap-northeast-2.amazonaws.com/11-5.webp', 36);
insert into product_img (id, is_defect, product_img_url, product_id) values (79, true, 'https://shroop-s3.s3.ap-northeast-2.amazonaws.com/8-1.webp', 24);
insert into product_img (id, is_defect, product_img_url, product_id) values (80, true, 'https://shroop-s3.s3.ap-northeast-2.amazonaws.com/9-4.webp', 93);
insert into product_img (id, is_defect, product_img_url, product_id) values (81, false, 'https://shroop-s3.s3.ap-northeast-2.amazonaws.com/7-1.webp', 85);
insert into product_img (id, is_defect, product_img_url, product_id) values (82, false, 'https://shroop-s3.s3.ap-northeast-2.amazonaws.com/11-3.webp', 72);
insert into product_img (id, is_defect, product_img_url, product_id) values (83, true, 'https://shroop-s3.s3.ap-northeast-2.amazonaws.com/7-3.webp', 61);
insert into product_img (id, is_defect, product_img_url, product_id) values (84, true, 'https://shroop-s3.s3.ap-northeast-2.amazonaws.com/7-3.webp', 22);
insert into product_img (id, is_defect, product_img_url, product_id) values (85, false, 'https://shroop-s3.s3.ap-northeast-2.amazonaws.com/8-2.webp', 7);
insert into product_img (id, is_defect, product_img_url, product_id) values (86, true, 'https://shroop-s3.s3.ap-northeast-2.amazonaws.com/7-3.webp', 41);
insert into product_img (id, is_defect, product_img_url, product_id) values (87, true, 'https://shroop-s3.s3.ap-northeast-2.amazonaws.com/6-2.webp', 54);
insert into product_img (id, is_defect, product_img_url, product_id) values (88, false, 'https://shroop-s3.s3.ap-northeast-2.amazonaws.com/7-3.webp', 87);
insert into product_img (id, is_defect, product_img_url, product_id) values (89, false, 'https://shroop-s3.s3.ap-northeast-2.amazonaws.com/7-1.webp', 35);
insert into product_img (id, is_defect, product_img_url, product_id) values (90, false, 'https://shroop-s3.s3.ap-northeast-2.amazonaws.com/7-2.webp', 22);
insert into product_img (id, is_defect, product_img_url, product_id) values (91, false, 'https://shroop-s3.s3.ap-northeast-2.amazonaws.com/9-1.webp', 16);
insert into product_img (id, is_defect, product_img_url, product_id) values (92, false, 'https://shroop-s3.s3.ap-northeast-2.amazonaws.com/8-3.webp', 48);
insert into product_img (id, is_defect, product_img_url, product_id) values (93, true, 'https://shroop-s3.s3.ap-northeast-2.amazonaws.com/9-1.webp', 62);
insert into product_img (id, is_defect, product_img_url, product_id) values (94, true, 'https://shroop-s3.s3.ap-northeast-2.amazonaws.com/6-2.webp', 69);
insert into product_img (id, is_defect, product_img_url, product_id) values (95, false, 'https://shroop-s3.s3.ap-northeast-2.amazonaws.com/7-1.webp', 45);
insert into product_img (id, is_defect, product_img_url, product_id) values (96, false, 'https://shroop-s3.s3.ap-northeast-2.amazonaws.com/9-2.webp', 13);
insert into product_img (id, is_defect, product_img_url, product_id) values (97, false, 'https://shroop-s3.s3.ap-northeast-2.amazonaws.com/11-1.webp', 93);
insert into product_img (id, is_defect, product_img_url, product_id) values (98, false, 'https://shroop-s3.s3.ap-northeast-2.amazonaws.com/7-1.webp', 75);
insert into product_img (id, is_defect, product_img_url, product_id) values (99, true, 'https://shroop-s3.s3.ap-northeast-2.amazonaws.com/7-1.webp', 100);
insert into product_img (id, is_defect, product_img_url, product_id) values (100, true, 'https://shroop-s3.s3.ap-northeast-2.amazonaws.com/9-3.webp', 42);
insert into product_img (id, is_defect, product_img_url, product_id) values (101, true, 'https://shroop-s3.s3.ap-northeast-2.amazonaws.com/8-3.webp', 87);
insert into product_img (id, is_defect, product_img_url, product_id) values (102, true, 'https://shroop-s3.s3.ap-northeast-2.amazonaws.com/8-2.webp', 5);
insert into product_img (id, is_defect, product_img_url, product_id) values (103, false, 'https://shroop-s3.s3.ap-northeast-2.amazonaws.com/9-1.webp', 2);
insert into product_img (id, is_defect, product_img_url, product_id) values (104, true, 'https://shroop-s3.s3.ap-northeast-2.amazonaws.com/6-1.webp', 24);
insert into product_img (id, is_defect, product_img_url, product_id) values (105, false, 'https://shroop-s3.s3.ap-northeast-2.amazonaws.com/11-3.webp', 93);
insert into product_img (id, is_defect, product_img_url, product_id) values (106, true, 'https://shroop-s3.s3.ap-northeast-2.amazonaws.com/6-1.webp', 41);
insert into product_img (id, is_defect, product_img_url, product_id) values (107, true, 'https://shroop-s3.s3.ap-northeast-2.amazonaws.com/9-1.webp', 73);
insert into product_img (id, is_defect, product_img_url, product_id) values (108, true, 'https://shroop-s3.s3.ap-northeast-2.amazonaws.com/11-3.webp', 23);
insert into product_img (id, is_defect, product_img_url, product_id) values (109, true, 'https://shroop-s3.s3.ap-northeast-2.amazonaws.com/11-2.webp', 59);
insert into product_img (id, is_defect, product_img_url, product_id) values (110, true, 'https://shroop-s3.s3.ap-northeast-2.amazonaws.com/9-5.webp', 17);
insert into product_img (id, is_defect, product_img_url, product_id) values (111, false, 'https://shroop-s3.s3.ap-northeast-2.amazonaws.com/9-3.webp', 65);
insert into product_img (id, is_defect, product_img_url, product_id) values (112, false, 'https://shroop-s3.s3.ap-northeast-2.amazonaws.com/9-4.webp', 19);
insert into product_img (id, is_defect, product_img_url, product_id) values (113, false, 'https://shroop-s3.s3.ap-northeast-2.amazonaws.com/8-1.webp', 46);
insert into product_img (id, is_defect, product_img_url, product_id) values (114, false, 'https://shroop-s3.s3.ap-northeast-2.amazonaws.com/10-4.webp', 55);
insert into product_img (id, is_defect, product_img_url, product_id) values (115, false, 'https://shroop-s3.s3.ap-northeast-2.amazonaws.com/11-5.webp', 4);
insert into product_img (id, is_defect, product_img_url, product_id) values (116, false, 'https://shroop-s3.s3.ap-northeast-2.amazonaws.com/7-3.webp', 74);
insert into product_img (id, is_defect, product_img_url, product_id) values (117, true, 'https://shroop-s3.s3.ap-northeast-2.amazonaws.com/6-1.webp', 95);
insert into product_img (id, is_defect, product_img_url, product_id) values (118, false, 'https://shroop-s3.s3.ap-northeast-2.amazonaws.com/6-2.webp', 40);
insert into product_img (id, is_defect, product_img_url, product_id) values (119, true, 'https://shroop-s3.s3.ap-northeast-2.amazonaws.com/11-5.webp', 77);
insert into product_img (id, is_defect, product_img_url, product_id) values (120, false, 'https://shroop-s3.s3.ap-northeast-2.amazonaws.com/11-4.webp', 8);
insert into product_img (id, is_defect, product_img_url, product_id) values (121, false, 'https://shroop-s3.s3.ap-northeast-2.amazonaws.com/8-2.webp', 95);
insert into product_img (id, is_defect, product_img_url, product_id) values (122, true, 'https://shroop-s3.s3.ap-northeast-2.amazonaws.com/7-1.webp', 89);
insert into product_img (id, is_defect, product_img_url, product_id) values (123, false, 'https://shroop-s3.s3.ap-northeast-2.amazonaws.com/6-2.webp', 10);
insert into product_img (id, is_defect, product_img_url, product_id) values (124, false, 'https://shroop-s3.s3.ap-northeast-2.amazonaws.com/9-3.webp', 55);
insert into product_img (id, is_defect, product_img_url, product_id) values (125, false, 'https://shroop-s3.s3.ap-northeast-2.amazonaws.com/7-3.webp', 83);
insert into product_img (id, is_defect, product_img_url, product_id) values (126, true, 'https://shroop-s3.s3.ap-northeast-2.amazonaws.com/10-1.webp', 84);
insert into product_img (id, is_defect, product_img_url, product_id) values (127, false, 'https://shroop-s3.s3.ap-northeast-2.amazonaws.com/10-1.webp', 41);
insert into product_img (id, is_defect, product_img_url, product_id) values (128, false, 'https://shroop-s3.s3.ap-northeast-2.amazonaws.com/7-3.webp', 10);
insert into product_img (id, is_defect, product_img_url, product_id) values (129, false, 'https://shroop-s3.s3.ap-northeast-2.amazonaws.com/10-1.webp', 90);
insert into product_img (id, is_defect, product_img_url, product_id) values (130, false, 'https://shroop-s3.s3.ap-northeast-2.amazonaws.com/8-2.webp', 28);
insert into product_img (id, is_defect, product_img_url, product_id) values (131, true, 'https://shroop-s3.s3.ap-northeast-2.amazonaws.com/9-5.webp', 38);
insert into product_img (id, is_defect, product_img_url, product_id) values (132, false, 'https://shroop-s3.s3.ap-northeast-2.amazonaws.com/11-4.webp', 11);
insert into product_img (id, is_defect, product_img_url, product_id) values (133, true, 'https://shroop-s3.s3.ap-northeast-2.amazonaws.com/11-1.webp', 38);
insert into product_img (id, is_defect, product_img_url, product_id) values (134, true, 'https://shroop-s3.s3.ap-northeast-2.amazonaws.com/6-1.webp', 50);
insert into product_img (id, is_defect, product_img_url, product_id) values (135, true, 'https://shroop-s3.s3.ap-northeast-2.amazonaws.com/10-2.webp', 25);
insert into product_img (id, is_defect, product_img_url, product_id) values (136, true, 'https://shroop-s3.s3.ap-northeast-2.amazonaws.com/10-3.webp', 82);
insert into product_img (id, is_defect, product_img_url, product_id) values (137, true, 'https://shroop-s3.s3.ap-northeast-2.amazonaws.com/9-3.webp', 42);
insert into product_img (id, is_defect, product_img_url, product_id) values (138, false, 'https://shroop-s3.s3.ap-northeast-2.amazonaws.com/11-1.webp', 85);
insert into product_img (id, is_defect, product_img_url, product_id) values (139, true, 'https://shroop-s3.s3.ap-northeast-2.amazonaws.com/10-1.webp', 23);
insert into product_img (id, is_defect, product_img_url, product_id) values (140, false, 'https://shroop-s3.s3.ap-northeast-2.amazonaws.com/6-2.webp', 95);
insert into product_img (id, is_defect, product_img_url, product_id) values (141, true, 'https://shroop-s3.s3.ap-northeast-2.amazonaws.com/10-4.webp', 47);
insert into product_img (id, is_defect, product_img_url, product_id) values (142, true, 'https://shroop-s3.s3.ap-northeast-2.amazonaws.com/7-2.webp', 28);
insert into product_img (id, is_defect, product_img_url, product_id) values (143, false, 'https://shroop-s3.s3.ap-northeast-2.amazonaws.com/10-2.webp', 7);
insert into product_img (id, is_defect, product_img_url, product_id) values (144, true, 'https://shroop-s3.s3.ap-northeast-2.amazonaws.com/10-2.webp', 1);
insert into product_img (id, is_defect, product_img_url, product_id) values (145, false, 'https://shroop-s3.s3.ap-northeast-2.amazonaws.com/7-1.webp', 77);
insert into product_img (id, is_defect, product_img_url, product_id) values (146, true, 'https://shroop-s3.s3.ap-northeast-2.amazonaws.com/7-3.webp', 60);
insert into product_img (id, is_defect, product_img_url, product_id) values (147, false, 'https://shroop-s3.s3.ap-northeast-2.amazonaws.com/11-4.webp', 38);
insert into product_img (id, is_defect, product_img_url, product_id) values (148, false, 'https://shroop-s3.s3.ap-northeast-2.amazonaws.com/8-1.webp', 73);
insert into product_img (id, is_defect, product_img_url, product_id) values (149, false, 'https://shroop-s3.s3.ap-northeast-2.amazonaws.com/6-1.webp', 65);
insert into product_img (id, is_defect, product_img_url, product_id) values (150, false, 'https://shroop-s3.s3.ap-northeast-2.amazonaws.com/9-3.webp', 97);
insert into product_img (id, is_defect, product_img_url, product_id) values (151, false, 'https://shroop-s3.s3.ap-northeast-2.amazonaws.com/8-1.webp', 44);
insert into product_img (id, is_defect, product_img_url, product_id) values (152, false, 'https://shroop-s3.s3.ap-northeast-2.amazonaws.com/11-1.webp', 20);
insert into product_img (id, is_defect, product_img_url, product_id) values (153, false, 'https://shroop-s3.s3.ap-northeast-2.amazonaws.com/9-2.webp', 15);
insert into product_img (id, is_defect, product_img_url, product_id) values (154, false, 'https://shroop-s3.s3.ap-northeast-2.amazonaws.com/11-1.webp', 98);
insert into product_img (id, is_defect, product_img_url, product_id) values (155, false, 'https://shroop-s3.s3.ap-northeast-2.amazonaws.com/11-1.webp', 71);
insert into product_img (id, is_defect, product_img_url, product_id) values (156, true, 'https://shroop-s3.s3.ap-northeast-2.amazonaws.com/7-1.webp', 32);
insert into product_img (id, is_defect, product_img_url, product_id) values (157, true, 'https://shroop-s3.s3.ap-northeast-2.amazonaws.com/10-1.webp', 74);
insert into product_img (id, is_defect, product_img_url, product_id) values (158, true, 'https://shroop-s3.s3.ap-northeast-2.amazonaws.com/10-4.webp', 6);
insert into product_img (id, is_defect, product_img_url, product_id) values (159, false, 'https://shroop-s3.s3.ap-northeast-2.amazonaws.com/6-1.webp', 100);
insert into product_img (id, is_defect, product_img_url, product_id) values (160, true, 'https://shroop-s3.s3.ap-northeast-2.amazonaws.com/6-2.webp', 20);
insert into product_img (id, is_defect, product_img_url, product_id) values (161, false, 'https://shroop-s3.s3.ap-northeast-2.amazonaws.com/10-2.webp', 83);
insert into product_img (id, is_defect, product_img_url, product_id) values (162, true, 'https://shroop-s3.s3.ap-northeast-2.amazonaws.com/9-4.webp', 2);
insert into product_img (id, is_defect, product_img_url, product_id) values (163, false, 'https://shroop-s3.s3.ap-northeast-2.amazonaws.com/9-1.webp', 37);
insert into product_img (id, is_defect, product_img_url, product_id) values (164, true, 'https://shroop-s3.s3.ap-northeast-2.amazonaws.com/7-3.webp', 59);
insert into product_img (id, is_defect, product_img_url, product_id) values (165, false, 'https://shroop-s3.s3.ap-northeast-2.amazonaws.com/10-1.webp', 42);
insert into product_img (id, is_defect, product_img_url, product_id) values (166, true, 'https://shroop-s3.s3.ap-northeast-2.amazonaws.com/10-4.webp', 93);
insert into product_img (id, is_defect, product_img_url, product_id) values (167, false, 'https://shroop-s3.s3.ap-northeast-2.amazonaws.com/9-5.webp', 4);
insert into product_img (id, is_defect, product_img_url, product_id) values (168, false, 'https://shroop-s3.s3.ap-northeast-2.amazonaws.com/8-1.webp', 99);
insert into product_img (id, is_defect, product_img_url, product_id) values (169, true, 'https://shroop-s3.s3.ap-northeast-2.amazonaws.com/8-3.webp', 45);
insert into product_img (id, is_defect, product_img_url, product_id) values (170, false, 'https://shroop-s3.s3.ap-northeast-2.amazonaws.com/9-1.webp', 88);
insert into product_img (id, is_defect, product_img_url, product_id) values (171, false, 'https://shroop-s3.s3.ap-northeast-2.amazonaws.com/9-1.webp', 27);
insert into product_img (id, is_defect, product_img_url, product_id) values (172, true, 'https://shroop-s3.s3.ap-northeast-2.amazonaws.com/8-2.webp', 25);
insert into product_img (id, is_defect, product_img_url, product_id) values (173, false, 'https://shroop-s3.s3.ap-northeast-2.amazonaws.com/11-5.webp', 65);
insert into product_img (id, is_defect, product_img_url, product_id) values (174, false, 'https://shroop-s3.s3.ap-northeast-2.amazonaws.com/8-2.webp', 71);
insert into product_img (id, is_defect, product_img_url, product_id) values (175, false, 'https://shroop-s3.s3.ap-northeast-2.amazonaws.com/8-1.webp', 21);
insert into product_img (id, is_defect, product_img_url, product_id) values (176, false, 'https://shroop-s3.s3.ap-northeast-2.amazonaws.com/8-2.webp', 64);
insert into product_img (id, is_defect, product_img_url, product_id) values (177, false, 'https://shroop-s3.s3.ap-northeast-2.amazonaws.com/9-2.webp', 48);
insert into product_img (id, is_defect, product_img_url, product_id) values (178, false, 'https://shroop-s3.s3.ap-northeast-2.amazonaws.com/9-4.webp', 52);
insert into product_img (id, is_defect, product_img_url, product_id) values (179, false, 'https://shroop-s3.s3.ap-northeast-2.amazonaws.com/7-1.webp', 78);
insert into product_img (id, is_defect, product_img_url, product_id) values (180, false, 'https://shroop-s3.s3.ap-northeast-2.amazonaws.com/9-2.webp', 94);
insert into product_img (id, is_defect, product_img_url, product_id) values (181, true, 'https://shroop-s3.s3.ap-northeast-2.amazonaws.com/8-3.webp', 56);
insert into product_img (id, is_defect, product_img_url, product_id) values (182, true, 'https://shroop-s3.s3.ap-northeast-2.amazonaws.com/7-2.webp', 55);
insert into product_img (id, is_defect, product_img_url, product_id) values (183, true, 'https://shroop-s3.s3.ap-northeast-2.amazonaws.com/9-4.webp', 39);
insert into product_img (id, is_defect, product_img_url, product_id) values (184, true, 'https://shroop-s3.s3.ap-northeast-2.amazonaws.com/7-3.webp', 90);
insert into product_img (id, is_defect, product_img_url, product_id) values (185, true, 'https://shroop-s3.s3.ap-northeast-2.amazonaws.com/11-5.webp', 68);
insert into product_img (id, is_defect, product_img_url, product_id) values (186, true, 'https://shroop-s3.s3.ap-northeast-2.amazonaws.com/10-4.webp', 57);
insert into product_img (id, is_defect, product_img_url, product_id) values (187, false, 'https://shroop-s3.s3.ap-northeast-2.amazonaws.com/11-1.webp', 98);
insert into product_img (id, is_defect, product_img_url, product_id) values (188, false, 'https://shroop-s3.s3.ap-northeast-2.amazonaws.com/10-3.webp', 20);
insert into product_img (id, is_defect, product_img_url, product_id) values (189, true, 'https://shroop-s3.s3.ap-northeast-2.amazonaws.com/6-2.webp', 76);
insert into product_img (id, is_defect, product_img_url, product_id) values (190, false, 'https://shroop-s3.s3.ap-northeast-2.amazonaws.com/11-4.webp', 70);
insert into product_img (id, is_defect, product_img_url, product_id) values (191, true, 'https://shroop-s3.s3.ap-northeast-2.amazonaws.com/9-5.webp', 27);
insert into product_img (id, is_defect, product_img_url, product_id) values (192, false, 'https://shroop-s3.s3.ap-northeast-2.amazonaws.com/11-4.webp', 25);
insert into product_img (id, is_defect, product_img_url, product_id) values (193, true, 'https://shroop-s3.s3.ap-northeast-2.amazonaws.com/7-3.webp', 22);
insert into product_img (id, is_defect, product_img_url, product_id) values (194, false, 'https://shroop-s3.s3.ap-northeast-2.amazonaws.com/11-4.webp', 53);
insert into product_img (id, is_defect, product_img_url, product_id) values (195, true, 'https://shroop-s3.s3.ap-northeast-2.amazonaws.com/11-4.webp', 15);
insert into product_img (id, is_defect, product_img_url, product_id) values (196, true, 'https://shroop-s3.s3.ap-northeast-2.amazonaws.com/10-3.webp', 12);
insert into product_img (id, is_defect, product_img_url, product_id) values (197, false, 'https://shroop-s3.s3.ap-northeast-2.amazonaws.com/10-3.webp', 51);
insert into product_img (id, is_defect, product_img_url, product_id) values (198, true, 'https://shroop-s3.s3.ap-northeast-2.amazonaws.com/8-3.webp', 32);
insert into product_img (id, is_defect, product_img_url, product_id) values (199, false, 'https://shroop-s3.s3.ap-northeast-2.amazonaws.com/11-2.webp', 39);
insert into product_img (id, is_defect, product_img_url, product_id) values (200, false, 'https://shroop-s3.s3.ap-northeast-2.amazonaws.com/11-2.webp', 43);
insert into product_img (id, is_defect, product_img_url, product_id) values (201, false, 'https://shroop-s3.s3.ap-northeast-2.amazonaws.com/8-2.webp', 84);
insert into product_img (id, is_defect, product_img_url, product_id) values (202, false, 'https://shroop-s3.s3.ap-northeast-2.amazonaws.com/7-1.webp', 44);
insert into product_img (id, is_defect, product_img_url, product_id) values (203, true, 'https://shroop-s3.s3.ap-northeast-2.amazonaws.com/8-3.webp', 94);
insert into product_img (id, is_defect, product_img_url, product_id) values (204, false, 'https://shroop-s3.s3.ap-northeast-2.amazonaws.com/6-2.webp', 16);
insert into product_img (id, is_defect, product_img_url, product_id) values (205, false, 'https://shroop-s3.s3.ap-northeast-2.amazonaws.com/7-2.webp', 32);
insert into product_img (id, is_defect, product_img_url, product_id) values (206, false, 'https://shroop-s3.s3.ap-northeast-2.amazonaws.com/10-1.webp', 41);
insert into product_img (id, is_defect, product_img_url, product_id) values (207, true, 'https://shroop-s3.s3.ap-northeast-2.amazonaws.com/7-1.webp', 80);
insert into product_img (id, is_defect, product_img_url, product_id) values (208, true, 'https://shroop-s3.s3.ap-northeast-2.amazonaws.com/11-2.webp', 31);
insert into product_img (id, is_defect, product_img_url, product_id) values (209, true, 'https://shroop-s3.s3.ap-northeast-2.amazonaws.com/9-1.webp', 73);
insert into product_img (id, is_defect, product_img_url, product_id) values (210, false, 'https://shroop-s3.s3.ap-northeast-2.amazonaws.com/8-1.webp', 31);
insert into product_img (id, is_defect, product_img_url, product_id) values (211, true, 'https://shroop-s3.s3.ap-northeast-2.amazonaws.com/9-1.webp', 32);
insert into product_img (id, is_defect, product_img_url, product_id) values (212, false, 'https://shroop-s3.s3.ap-northeast-2.amazonaws.com/6-1.webp', 59);
insert into product_img (id, is_defect, product_img_url, product_id) values (213, false, 'https://shroop-s3.s3.ap-northeast-2.amazonaws.com/7-1.webp', 46);
insert into product_img (id, is_defect, product_img_url, product_id) values (214, true, 'https://shroop-s3.s3.ap-northeast-2.amazonaws.com/11-1.webp', 54);
insert into product_img (id, is_defect, product_img_url, product_id) values (215, false, 'https://shroop-s3.s3.ap-northeast-2.amazonaws.com/11-4.webp', 97);
insert into product_img (id, is_defect, product_img_url, product_id) values (216, false, 'https://shroop-s3.s3.ap-northeast-2.amazonaws.com/7-1.webp', 77);
insert into product_img (id, is_defect, product_img_url, product_id) values (217, false, 'https://shroop-s3.s3.ap-northeast-2.amazonaws.com/10-4.webp', 95);
insert into product_img (id, is_defect, product_img_url, product_id) values (218, false, 'https://shroop-s3.s3.ap-northeast-2.amazonaws.com/11-5.webp', 36);
insert into product_img (id, is_defect, product_img_url, product_id) values (219, false, 'https://shroop-s3.s3.ap-northeast-2.amazonaws.com/11-5.webp', 23);
insert into product_img (id, is_defect, product_img_url, product_id) values (220, false, 'https://shroop-s3.s3.ap-northeast-2.amazonaws.com/6-2.webp', 41);
insert into product_img (id, is_defect, product_img_url, product_id) values (221, false, 'https://shroop-s3.s3.ap-northeast-2.amazonaws.com/9-1.webp', 55);
insert into product_img (id, is_defect, product_img_url, product_id) values (222, true, 'https://shroop-s3.s3.ap-northeast-2.amazonaws.com/7-2.webp', 63);
insert into product_img (id, is_defect, product_img_url, product_id) values (223, false, 'https://shroop-s3.s3.ap-northeast-2.amazonaws.com/10-1.webp', 34);
insert into product_img (id, is_defect, product_img_url, product_id) values (224, false, 'https://shroop-s3.s3.ap-northeast-2.amazonaws.com/9-2.webp', 83);
insert into product_img (id, is_defect, product_img_url, product_id) values (225, false, 'https://shroop-s3.s3.ap-northeast-2.amazonaws.com/11-2.webp', 30);
insert into product_img (id, is_defect, product_img_url, product_id) values (226, true, 'https://shroop-s3.s3.ap-northeast-2.amazonaws.com/8-2.webp', 23);
insert into product_img (id, is_defect, product_img_url, product_id) values (227, false, 'https://shroop-s3.s3.ap-northeast-2.amazonaws.com/11-3.webp', 49);
insert into product_img (id, is_defect, product_img_url, product_id) values (228, false, 'https://shroop-s3.s3.ap-northeast-2.amazonaws.com/9-4.webp', 64);
insert into product_img (id, is_defect, product_img_url, product_id) values (229, false, 'https://shroop-s3.s3.ap-northeast-2.amazonaws.com/11-3.webp', 6);
insert into product_img (id, is_defect, product_img_url, product_id) values (230, false, 'https://shroop-s3.s3.ap-northeast-2.amazonaws.com/7-2.webp', 23);
insert into product_img (id, is_defect, product_img_url, product_id) values (231, false, 'https://shroop-s3.s3.ap-northeast-2.amazonaws.com/8-3.webp', 58);
insert into product_img (id, is_defect, product_img_url, product_id) values (232, false, 'https://shroop-s3.s3.ap-northeast-2.amazonaws.com/11-4.webp', 70);
insert into product_img (id, is_defect, product_img_url, product_id) values (233, false, 'https://shroop-s3.s3.ap-northeast-2.amazonaws.com/9-3.webp', 15);
insert into product_img (id, is_defect, product_img_url, product_id) values (234, true, 'https://shroop-s3.s3.ap-northeast-2.amazonaws.com/7-2.webp', 76);
insert into product_img (id, is_defect, product_img_url, product_id) values (235, false, 'https://shroop-s3.s3.ap-northeast-2.amazonaws.com/11-3.webp', 15);
insert into product_img (id, is_defect, product_img_url, product_id) values (236, false, 'https://shroop-s3.s3.ap-northeast-2.amazonaws.com/11-4.webp', 16);
insert into product_img (id, is_defect, product_img_url, product_id) values (237, true, 'https://shroop-s3.s3.ap-northeast-2.amazonaws.com/9-5.webp', 29);
insert into product_img (id, is_defect, product_img_url, product_id) values (238, true, 'https://shroop-s3.s3.ap-northeast-2.amazonaws.com/6-2.webp', 89);
insert into product_img (id, is_defect, product_img_url, product_id) values (239, false, 'https://shroop-s3.s3.ap-northeast-2.amazonaws.com/9-1.webp', 70);
insert into product_img (id, is_defect, product_img_url, product_id) values (240, true, 'https://shroop-s3.s3.ap-northeast-2.amazonaws.com/10-3.webp', 78);
insert into product_img (id, is_defect, product_img_url, product_id) values (241, false, 'https://shroop-s3.s3.ap-northeast-2.amazonaws.com/6-2.webp', 65);
insert into product_img (id, is_defect, product_img_url, product_id) values (242, true, 'https://shroop-s3.s3.ap-northeast-2.amazonaws.com/10-2.webp', 59);
insert into product_img (id, is_defect, product_img_url, product_id) values (243, true, 'https://shroop-s3.s3.ap-northeast-2.amazonaws.com/6-2.webp', 22);
insert into product_img (id, is_defect, product_img_url, product_id) values (244, true, 'https://shroop-s3.s3.ap-northeast-2.amazonaws.com/11-4.webp', 44);
insert into product_img (id, is_defect, product_img_url, product_id) values (245, false, 'https://shroop-s3.s3.ap-northeast-2.amazonaws.com/11-4.webp', 45);
insert into product_img (id, is_defect, product_img_url, product_id) values (246, false, 'https://shroop-s3.s3.ap-northeast-2.amazonaws.com/8-1.webp', 98);
insert into product_img (id, is_defect, product_img_url, product_id) values (247, false, 'https://shroop-s3.s3.ap-northeast-2.amazonaws.com/10-1.webp', 46);
insert into product_img (id, is_defect, product_img_url, product_id) values (248, false, 'https://shroop-s3.s3.ap-northeast-2.amazonaws.com/10-3.webp', 40);
insert into product_img (id, is_defect, product_img_url, product_id) values (249, true, 'https://shroop-s3.s3.ap-northeast-2.amazonaws.com/9-4.webp', 65);
insert into product_img (id, is_defect, product_img_url, product_id) values (250, true, 'https://shroop-s3.s3.ap-northeast-2.amazonaws.com/9-2.webp', 56);
insert into product_img (id, is_defect, product_img_url, product_id) values (251, true, 'https://shroop-s3.s3.ap-northeast-2.amazonaws.com/8-2.webp', 50);
insert into product_img (id, is_defect, product_img_url, product_id) values (252, true, 'https://shroop-s3.s3.ap-northeast-2.amazonaws.com/9-2.webp', 60);
insert into product_img (id, is_defect, product_img_url, product_id) values (253, false, 'https://shroop-s3.s3.ap-northeast-2.amazonaws.com/11-4.webp', 12);
insert into product_img (id, is_defect, product_img_url, product_id) values (254, false, 'https://shroop-s3.s3.ap-northeast-2.amazonaws.com/10-3.webp', 63);
insert into product_img (id, is_defect, product_img_url, product_id) values (255, false, 'https://shroop-s3.s3.ap-northeast-2.amazonaws.com/8-2.webp', 61);
insert into product_img (id, is_defect, product_img_url, product_id) values (256, false, 'https://shroop-s3.s3.ap-northeast-2.amazonaws.com/10-4.webp', 59);
insert into product_img (id, is_defect, product_img_url, product_id) values (257, false, 'https://shroop-s3.s3.ap-northeast-2.amazonaws.com/9-4.webp', 24);
insert into product_img (id, is_defect, product_img_url, product_id) values (258, true, 'https://shroop-s3.s3.ap-northeast-2.amazonaws.com/7-3.webp', 36);
insert into product_img (id, is_defect, product_img_url, product_id) values (259, true, 'https://shroop-s3.s3.ap-northeast-2.amazonaws.com/9-5.webp', 100);
insert into product_img (id, is_defect, product_img_url, product_id) values (260, false, 'https://shroop-s3.s3.ap-northeast-2.amazonaws.com/9-3.webp', 88);
insert into product_img (id, is_defect, product_img_url, product_id) values (261, false, 'https://shroop-s3.s3.ap-northeast-2.amazonaws.com/6-2.webp', 83);
insert into product_img (id, is_defect, product_img_url, product_id) values (262, false, 'https://shroop-s3.s3.ap-northeast-2.amazonaws.com/10-4.webp', 41);
insert into product_img (id, is_defect, product_img_url, product_id) values (263, true, 'https://shroop-s3.s3.ap-northeast-2.amazonaws.com/7-2.webp', 30);
insert into product_img (id, is_defect, product_img_url, product_id) values (264, true, 'https://shroop-s3.s3.ap-northeast-2.amazonaws.com/11-1.webp', 83);
insert into product_img (id, is_defect, product_img_url, product_id) values (265, true, 'https://shroop-s3.s3.ap-northeast-2.amazonaws.com/6-2.webp', 93);
insert into product_img (id, is_defect, product_img_url, product_id) values (266, false, 'https://shroop-s3.s3.ap-northeast-2.amazonaws.com/10-3.webp', 79);
insert into product_img (id, is_defect, product_img_url, product_id) values (267, true, 'https://shroop-s3.s3.ap-northeast-2.amazonaws.com/8-2.webp', 59);
insert into product_img (id, is_defect, product_img_url, product_id) values (268, true, 'https://shroop-s3.s3.ap-northeast-2.amazonaws.com/8-2.webp', 71);
insert into product_img (id, is_defect, product_img_url, product_id) values (269, false, 'https://shroop-s3.s3.ap-northeast-2.amazonaws.com/11-1.webp', 93);
insert into product_img (id, is_defect, product_img_url, product_id) values (270, true, 'https://shroop-s3.s3.ap-northeast-2.amazonaws.com/11-5.webp', 92);
insert into product_img (id, is_defect, product_img_url, product_id) values (271, false, 'https://shroop-s3.s3.ap-northeast-2.amazonaws.com/9-1.webp', 50);
insert into product_img (id, is_defect, product_img_url, product_id) values (272, true, 'https://shroop-s3.s3.ap-northeast-2.amazonaws.com/11-3.webp', 83);
insert into product_img (id, is_defect, product_img_url, product_id) values (273, true, 'https://shroop-s3.s3.ap-northeast-2.amazonaws.com/8-1.webp', 85);
insert into product_img (id, is_defect, product_img_url, product_id) values (274, false, 'https://shroop-s3.s3.ap-northeast-2.amazonaws.com/11-5.webp', 50);
insert into product_img (id, is_defect, product_img_url, product_id) values (275, false, 'https://shroop-s3.s3.ap-northeast-2.amazonaws.com/10-2.webp', 74);
insert into product_img (id, is_defect, product_img_url, product_id) values (276, true, 'https://shroop-s3.s3.ap-northeast-2.amazonaws.com/8-2.webp', 48);
insert into product_img (id, is_defect, product_img_url, product_id) values (277, true, 'https://shroop-s3.s3.ap-northeast-2.amazonaws.com/10-1.webp', 73);
insert into product_img (id, is_defect, product_img_url, product_id) values (278, false, 'https://shroop-s3.s3.ap-northeast-2.amazonaws.com/7-1.webp', 42);
insert into product_img (id, is_defect, product_img_url, product_id) values (279, true, 'https://shroop-s3.s3.ap-northeast-2.amazonaws.com/7-2.webp', 4);
insert into product_img (id, is_defect, product_img_url, product_id) values (280, false, 'https://shroop-s3.s3.ap-northeast-2.amazonaws.com/8-1.webp', 90);
insert into product_img (id, is_defect, product_img_url, product_id) values (281, false, 'https://shroop-s3.s3.ap-northeast-2.amazonaws.com/6-1.webp', 61);
insert into product_img (id, is_defect, product_img_url, product_id) values (282, false, 'https://shroop-s3.s3.ap-northeast-2.amazonaws.com/8-2.webp', 35);
insert into product_img (id, is_defect, product_img_url, product_id) values (283, true, 'https://shroop-s3.s3.ap-northeast-2.amazonaws.com/6-1.webp', 12);
insert into product_img (id, is_defect, product_img_url, product_id) values (284, false, 'https://shroop-s3.s3.ap-northeast-2.amazonaws.com/11-4.webp', 77);
insert into product_img (id, is_defect, product_img_url, product_id) values (285, false, 'https://shroop-s3.s3.ap-northeast-2.amazonaws.com/10-2.webp', 58);
insert into product_img (id, is_defect, product_img_url, product_id) values (286, false, 'https://shroop-s3.s3.ap-northeast-2.amazonaws.com/9-2.webp', 96);
insert into product_img (id, is_defect, product_img_url, product_id) values (287, true, 'https://shroop-s3.s3.ap-northeast-2.amazonaws.com/10-3.webp', 85);
insert into product_img (id, is_defect, product_img_url, product_id) values (288, true, 'https://shroop-s3.s3.ap-northeast-2.amazonaws.com/9-3.webp', 12);
insert into product_img (id, is_defect, product_img_url, product_id) values (289, false, 'https://shroop-s3.s3.ap-northeast-2.amazonaws.com/10-1.webp', 62);
insert into product_img (id, is_defect, product_img_url, product_id) values (290, false, 'https://shroop-s3.s3.ap-northeast-2.amazonaws.com/8-3.webp', 98);
insert into product_img (id, is_defect, product_img_url, product_id) values (291, true, 'https://shroop-s3.s3.ap-northeast-2.amazonaws.com/11-2.webp', 35);
insert into product_img (id, is_defect, product_img_url, product_id) values (292, false, 'https://shroop-s3.s3.ap-northeast-2.amazonaws.com/11-5.webp', 2);
insert into product_img (id, is_defect, product_img_url, product_id) values (293, false, 'https://shroop-s3.s3.ap-northeast-2.amazonaws.com/9-2.webp', 80);
insert into product_img (id, is_defect, product_img_url, product_id) values (294, true, 'https://shroop-s3.s3.ap-northeast-2.amazonaws.com/9-5.webp', 99);
insert into product_img (id, is_defect, product_img_url, product_id) values (295, true, 'https://shroop-s3.s3.ap-northeast-2.amazonaws.com/9-2.webp', 30);
insert into product_img (id, is_defect, product_img_url, product_id) values (296, false, 'https://shroop-s3.s3.ap-northeast-2.amazonaws.com/10-4.webp', 71);
insert into product_img (id, is_defect, product_img_url, product_id) values (297, false, 'https://shroop-s3.s3.ap-northeast-2.amazonaws.com/11-5.webp', 17);
insert into product_img (id, is_defect, product_img_url, product_id) values (298, false, 'https://shroop-s3.s3.ap-northeast-2.amazonaws.com/11-5.webp', 35);
insert into product_img (id, is_defect, product_img_url, product_id) values (299, true, 'https://shroop-s3.s3.ap-northeast-2.amazonaws.com/11-1.webp', 40);
insert into product_img (id, is_defect, product_img_url, product_id) values (300, false, 'https://shroop-s3.s3.ap-northeast-2.amazonaws.com/9-2.webp', 14);
insert into product_img (id, is_defect, product_img_url, product_id) values (301, false, 'https://shroop-s3.s3.ap-northeast-2.amazonaws.com/9-1.webp', 27);
insert into product_img (id, is_defect, product_img_url, product_id) values (302, true, 'https://shroop-s3.s3.ap-northeast-2.amazonaws.com/11-4.webp', 94);
insert into product_img (id, is_defect, product_img_url, product_id) values (303, false, 'https://shroop-s3.s3.ap-northeast-2.amazonaws.com/11-5.webp', 58);
insert into product_img (id, is_defect, product_img_url, product_id) values (304, false, 'https://shroop-s3.s3.ap-northeast-2.amazonaws.com/11-3.webp', 57);
insert into product_img (id, is_defect, product_img_url, product_id) values (305, false, 'https://shroop-s3.s3.ap-northeast-2.amazonaws.com/6-2.webp', 3);
insert into product_img (id, is_defect, product_img_url, product_id) values (306, false, 'https://shroop-s3.s3.ap-northeast-2.amazonaws.com/9-3.webp', 70);
insert into product_img (id, is_defect, product_img_url, product_id) values (307, false, 'https://shroop-s3.s3.ap-northeast-2.amazonaws.com/11-4.webp', 47);
insert into product_img (id, is_defect, product_img_url, product_id) values (308, false, 'https://shroop-s3.s3.ap-northeast-2.amazonaws.com/8-1.webp', 66);
insert into product_img (id, is_defect, product_img_url, product_id) values (309, true, 'https://shroop-s3.s3.ap-northeast-2.amazonaws.com/11-4.webp', 3);
insert into product_img (id, is_defect, product_img_url, product_id) values (310, false, 'https://shroop-s3.s3.ap-northeast-2.amazonaws.com/9-3.webp', 55);
insert into product_img (id, is_defect, product_img_url, product_id) values (311, false, 'https://shroop-s3.s3.ap-northeast-2.amazonaws.com/7-1.webp', 16);
insert into product_img (id, is_defect, product_img_url, product_id) values (312, false, 'https://shroop-s3.s3.ap-northeast-2.amazonaws.com/9-3.webp', 38);
insert into product_img (id, is_defect, product_img_url, product_id) values (313, true, 'https://shroop-s3.s3.ap-northeast-2.amazonaws.com/6-1.webp', 1);
insert into product_img (id, is_defect, product_img_url, product_id) values (314, false, 'https://shroop-s3.s3.ap-northeast-2.amazonaws.com/11-2.webp', 70);
insert into product_img (id, is_defect, product_img_url, product_id) values (315, true, 'https://shroop-s3.s3.ap-northeast-2.amazonaws.com/9-4.webp', 64);
insert into product_img (id, is_defect, product_img_url, product_id) values (316, false, 'https://shroop-s3.s3.ap-northeast-2.amazonaws.com/9-3.webp', 34);
insert into product_img (id, is_defect, product_img_url, product_id) values (317, false, 'https://shroop-s3.s3.ap-northeast-2.amazonaws.com/11-2.webp', 34);
insert into product_img (id, is_defect, product_img_url, product_id) values (318, true, 'https://shroop-s3.s3.ap-northeast-2.amazonaws.com/8-1.webp', 82);
insert into product_img (id, is_defect, product_img_url, product_id) values (319, false, 'https://shroop-s3.s3.ap-northeast-2.amazonaws.com/11-5.webp', 68);
insert into product_img (id, is_defect, product_img_url, product_id) values (320, false, 'https://shroop-s3.s3.ap-northeast-2.amazonaws.com/9-1.webp', 45);
insert into product_img (id, is_defect, product_img_url, product_id) values (321, true, 'https://shroop-s3.s3.ap-northeast-2.amazonaws.com/9-4.webp', 27);
insert into product_img (id, is_defect, product_img_url, product_id) values (322, true, 'https://shroop-s3.s3.ap-northeast-2.amazonaws.com/11-4.webp', 13);
insert into product_img (id, is_defect, product_img_url, product_id) values (323, false, 'https://shroop-s3.s3.ap-northeast-2.amazonaws.com/10-1.webp', 40);
insert into product_img (id, is_defect, product_img_url, product_id) values (324, false, 'https://shroop-s3.s3.ap-northeast-2.amazonaws.com/7-1.webp', 9);
insert into product_img (id, is_defect, product_img_url, product_id) values (325, true, 'https://shroop-s3.s3.ap-northeast-2.amazonaws.com/7-3.webp', 59);
insert into product_img (id, is_defect, product_img_url, product_id) values (326, true, 'https://shroop-s3.s3.ap-northeast-2.amazonaws.com/11-4.webp', 8);
insert into product_img (id, is_defect, product_img_url, product_id) values (327, false, 'https://shroop-s3.s3.ap-northeast-2.amazonaws.com/9-4.webp', 37);
insert into product_img (id, is_defect, product_img_url, product_id) values (328, false, 'https://shroop-s3.s3.ap-northeast-2.amazonaws.com/7-1.webp', 58);
insert into product_img (id, is_defect, product_img_url, product_id) values (329, true, 'https://shroop-s3.s3.ap-northeast-2.amazonaws.com/11-1.webp', 6);
insert into product_img (id, is_defect, product_img_url, product_id) values (330, false, 'https://shroop-s3.s3.ap-northeast-2.amazonaws.com/9-2.webp', 51);
insert into product_img (id, is_defect, product_img_url, product_id) values (331, true, 'https://shroop-s3.s3.ap-northeast-2.amazonaws.com/8-1.webp', 18);
insert into product_img (id, is_defect, product_img_url, product_id) values (332, true, 'https://shroop-s3.s3.ap-northeast-2.amazonaws.com/9-1.webp', 57);
insert into product_img (id, is_defect, product_img_url, product_id) values (333, false, 'https://shroop-s3.s3.ap-northeast-2.amazonaws.com/8-2.webp', 58);
insert into product_img (id, is_defect, product_img_url, product_id) values (334, true, 'https://shroop-s3.s3.ap-northeast-2.amazonaws.com/10-1.webp', 70);
insert into product_img (id, is_defect, product_img_url, product_id) values (335, false, 'https://shroop-s3.s3.ap-northeast-2.amazonaws.com/11-2.webp', 48);
insert into product_img (id, is_defect, product_img_url, product_id) values (336, false, 'https://shroop-s3.s3.ap-northeast-2.amazonaws.com/8-2.webp', 34);
insert into product_img (id, is_defect, product_img_url, product_id) values (337, true, 'https://shroop-s3.s3.ap-northeast-2.amazonaws.com/11-1.webp', 46);
insert into product_img (id, is_defect, product_img_url, product_id) values (338, false, 'https://shroop-s3.s3.ap-northeast-2.amazonaws.com/6-2.webp', 33);
insert into product_img (id, is_defect, product_img_url, product_id) values (339, true, 'https://shroop-s3.s3.ap-northeast-2.amazonaws.com/9-4.webp', 51);
insert into product_img (id, is_defect, product_img_url, product_id) values (340, false, 'https://shroop-s3.s3.ap-northeast-2.amazonaws.com/11-5.webp', 47);
insert into product_img (id, is_defect, product_img_url, product_id) values (341, false, 'https://shroop-s3.s3.ap-northeast-2.amazonaws.com/10-2.webp', 55);
insert into product_img (id, is_defect, product_img_url, product_id) values (342, false, 'https://shroop-s3.s3.ap-northeast-2.amazonaws.com/6-2.webp', 13);
insert into product_img (id, is_defect, product_img_url, product_id) values (343, false, 'https://shroop-s3.s3.ap-northeast-2.amazonaws.com/11-1.webp', 29);
insert into product_img (id, is_defect, product_img_url, product_id) values (344, false, 'https://shroop-s3.s3.ap-northeast-2.amazonaws.com/7-1.webp', 87);
insert into product_img (id, is_defect, product_img_url, product_id) values (345, false, 'https://shroop-s3.s3.ap-northeast-2.amazonaws.com/8-2.webp', 41);
insert into product_img (id, is_defect, product_img_url, product_id) values (346, false, 'https://shroop-s3.s3.ap-northeast-2.amazonaws.com/11-4.webp', 14);
insert into product_img (id, is_defect, product_img_url, product_id) values (347, false, 'https://shroop-s3.s3.ap-northeast-2.amazonaws.com/9-3.webp', 41);
insert into product_img (id, is_defect, product_img_url, product_id) values (348, false, 'https://shroop-s3.s3.ap-northeast-2.amazonaws.com/6-1.webp', 86);
insert into product_img (id, is_defect, product_img_url, product_id) values (349, true, 'https://shroop-s3.s3.ap-northeast-2.amazonaws.com/10-3.webp', 6);
insert into product_img (id, is_defect, product_img_url, product_id) values (350, false, 'https://shroop-s3.s3.ap-northeast-2.amazonaws.com/7-2.webp', 90);
insert into product_img (id, is_defect, product_img_url, product_id) values (351, true, 'https://shroop-s3.s3.ap-northeast-2.amazonaws.com/10-2.webp', 23);
insert into product_img (id, is_defect, product_img_url, product_id) values (352, true, 'https://shroop-s3.s3.ap-northeast-2.amazonaws.com/9-5.webp', 51);
insert into product_img (id, is_defect, product_img_url, product_id) values (353, true, 'https://shroop-s3.s3.ap-northeast-2.amazonaws.com/10-2.webp', 43);
insert into product_img (id, is_defect, product_img_url, product_id) values (354, false, 'https://shroop-s3.s3.ap-northeast-2.amazonaws.com/10-4.webp', 39);
insert into product_img (id, is_defect, product_img_url, product_id) values (355, false, 'https://shroop-s3.s3.ap-northeast-2.amazonaws.com/10-1.webp', 16);
insert into product_img (id, is_defect, product_img_url, product_id) values (356, true, 'https://shroop-s3.s3.ap-northeast-2.amazonaws.com/8-3.webp', 11);
insert into product_img (id, is_defect, product_img_url, product_id) values (357, true, 'https://shroop-s3.s3.ap-northeast-2.amazonaws.com/11-5.webp', 30);
insert into product_img (id, is_defect, product_img_url, product_id) values (358, true, 'https://shroop-s3.s3.ap-northeast-2.amazonaws.com/10-3.webp', 87);
insert into product_img (id, is_defect, product_img_url, product_id) values (359, false, 'https://shroop-s3.s3.ap-northeast-2.amazonaws.com/10-3.webp', 47);
insert into product_img (id, is_defect, product_img_url, product_id) values (360, false, 'https://shroop-s3.s3.ap-northeast-2.amazonaws.com/10-3.webp', 11);
insert into product_img (id, is_defect, product_img_url, product_id) values (361, true, 'https://shroop-s3.s3.ap-northeast-2.amazonaws.com/7-3.webp', 42);
insert into product_img (id, is_defect, product_img_url, product_id) values (362, true, 'https://shroop-s3.s3.ap-northeast-2.amazonaws.com/10-1.webp', 90);
insert into product_img (id, is_defect, product_img_url, product_id) values (363, true, 'https://shroop-s3.s3.ap-northeast-2.amazonaws.com/8-3.webp', 43);
insert into product_img (id, is_defect, product_img_url, product_id) values (364, false, 'https://shroop-s3.s3.ap-northeast-2.amazonaws.com/9-3.webp', 80);
insert into product_img (id, is_defect, product_img_url, product_id) values (365, false, 'https://shroop-s3.s3.ap-northeast-2.amazonaws.com/11-4.webp', 78);
insert into product_img (id, is_defect, product_img_url, product_id) values (366, false, 'https://shroop-s3.s3.ap-northeast-2.amazonaws.com/11-1.webp', 75);
insert into product_img (id, is_defect, product_img_url, product_id) values (367, true, 'https://shroop-s3.s3.ap-northeast-2.amazonaws.com/10-3.webp', 98);
insert into product_img (id, is_defect, product_img_url, product_id) values (368, true, 'https://shroop-s3.s3.ap-northeast-2.amazonaws.com/8-3.webp', 51);
insert into product_img (id, is_defect, product_img_url, product_id) values (369, false, 'https://shroop-s3.s3.ap-northeast-2.amazonaws.com/11-5.webp', 52);
insert into product_img (id, is_defect, product_img_url, product_id) values (370, true, 'https://shroop-s3.s3.ap-northeast-2.amazonaws.com/8-3.webp', 85);
insert into product_img (id, is_defect, product_img_url, product_id) values (371, false, 'https://shroop-s3.s3.ap-northeast-2.amazonaws.com/10-4.webp', 9);
insert into product_img (id, is_defect, product_img_url, product_id) values (372, false, 'https://shroop-s3.s3.ap-northeast-2.amazonaws.com/6-2.webp', 66);
insert into product_img (id, is_defect, product_img_url, product_id) values (373, false, 'https://shroop-s3.s3.ap-northeast-2.amazonaws.com/7-3.webp', 49);
insert into product_img (id, is_defect, product_img_url, product_id) values (374, true, 'https://shroop-s3.s3.ap-northeast-2.amazonaws.com/10-4.webp', 25);
insert into product_img (id, is_defect, product_img_url, product_id) values (375, true, 'https://shroop-s3.s3.ap-northeast-2.amazonaws.com/8-2.webp', 2);
insert into product_img (id, is_defect, product_img_url, product_id) values (376, true, 'https://shroop-s3.s3.ap-northeast-2.amazonaws.com/9-1.webp', 64);
insert into product_img (id, is_defect, product_img_url, product_id) values (377, false, 'https://shroop-s3.s3.ap-northeast-2.amazonaws.com/11-4.webp', 16);
insert into product_img (id, is_defect, product_img_url, product_id) values (378, true, 'https://shroop-s3.s3.ap-northeast-2.amazonaws.com/10-4.webp', 29);
insert into product_img (id, is_defect, product_img_url, product_id) values (379, true, 'https://shroop-s3.s3.ap-northeast-2.amazonaws.com/9-3.webp', 53);
insert into product_img (id, is_defect, product_img_url, product_id) values (380, true, 'https://shroop-s3.s3.ap-northeast-2.amazonaws.com/8-3.webp', 68);
insert into product_img (id, is_defect, product_img_url, product_id) values (381, false, 'https://shroop-s3.s3.ap-northeast-2.amazonaws.com/10-3.webp', 2);
insert into product_img (id, is_defect, product_img_url, product_id) values (382, true, 'https://shroop-s3.s3.ap-northeast-2.amazonaws.com/9-2.webp', 68);
insert into product_img (id, is_defect, product_img_url, product_id) values (383, false, 'https://shroop-s3.s3.ap-northeast-2.amazonaws.com/6-2.webp', 95);
insert into product_img (id, is_defect, product_img_url, product_id) values (384, true, 'https://shroop-s3.s3.ap-northeast-2.amazonaws.com/7-1.webp', 94);
insert into product_img (id, is_defect, product_img_url, product_id) values (385, false, 'https://shroop-s3.s3.ap-northeast-2.amazonaws.com/11-1.webp', 100);
insert into product_img (id, is_defect, product_img_url, product_id) values (386, true, 'https://shroop-s3.s3.ap-northeast-2.amazonaws.com/9-5.webp', 44);
insert into product_img (id, is_defect, product_img_url, product_id) values (387, true, 'https://shroop-s3.s3.ap-northeast-2.amazonaws.com/10-4.webp', 80);
insert into product_img (id, is_defect, product_img_url, product_id) values (388, false, 'https://shroop-s3.s3.ap-northeast-2.amazonaws.com/8-3.webp', 28);
insert into product_img (id, is_defect, product_img_url, product_id) values (389, true, 'https://shroop-s3.s3.ap-northeast-2.amazonaws.com/8-2.webp', 55);
insert into product_img (id, is_defect, product_img_url, product_id) values (390, true, 'https://shroop-s3.s3.ap-northeast-2.amazonaws.com/7-3.webp', 4);
insert into product_img (id, is_defect, product_img_url, product_id) values (391, false, 'https://shroop-s3.s3.ap-northeast-2.amazonaws.com/11-1.webp', 41);
insert into product_img (id, is_defect, product_img_url, product_id) values (392, false, 'https://shroop-s3.s3.ap-northeast-2.amazonaws.com/7-3.webp', 62);
insert into product_img (id, is_defect, product_img_url, product_id) values (393, true, 'https://shroop-s3.s3.ap-northeast-2.amazonaws.com/9-4.webp', 87);
insert into product_img (id, is_defect, product_img_url, product_id) values (394, false, 'https://shroop-s3.s3.ap-northeast-2.amazonaws.com/11-1.webp', 66);
insert into product_img (id, is_defect, product_img_url, product_id) values (395, true, 'https://shroop-s3.s3.ap-northeast-2.amazonaws.com/10-4.webp', 20);
insert into product_img (id, is_defect, product_img_url, product_id) values (396, true, 'https://shroop-s3.s3.ap-northeast-2.amazonaws.com/10-4.webp', 46);
insert into product_img (id, is_defect, product_img_url, product_id) values (397, true, 'https://shroop-s3.s3.ap-northeast-2.amazonaws.com/11-5.webp', 10);
insert into product_img (id, is_defect, product_img_url, product_id) values (398, false, 'https://shroop-s3.s3.ap-northeast-2.amazonaws.com/7-1.webp', 25);
insert into product_img (id, is_defect, product_img_url, product_id) values (399, true, 'https://shroop-s3.s3.ap-northeast-2.amazonaws.com/10-4.webp', 42);
insert into product_img (id, is_defect, product_img_url, product_id) values (400, false, 'https://shroop-s3.s3.ap-northeast-2.amazonaws.com/10-3.webp', 46);
insert into product_img (id, is_defect, product_img_url, product_id) values (401, false, 'https://shroop-s3.s3.ap-northeast-2.amazonaws.com/8-3.webp', 33);
insert into product_img (id, is_defect, product_img_url, product_id) values (402, false, 'https://shroop-s3.s3.ap-northeast-2.amazonaws.com/10-3.webp', 16);
insert into product_img (id, is_defect, product_img_url, product_id) values (403, false, 'https://shroop-s3.s3.ap-northeast-2.amazonaws.com/8-3.webp', 26);
insert into product_img (id, is_defect, product_img_url, product_id) values (404, true, 'https://shroop-s3.s3.ap-northeast-2.amazonaws.com/9-5.webp', 4);
insert into product_img (id, is_defect, product_img_url, product_id) values (405, true, 'https://shroop-s3.s3.ap-northeast-2.amazonaws.com/9-3.webp', 82);
insert into product_img (id, is_defect, product_img_url, product_id) values (406, false, 'https://shroop-s3.s3.ap-northeast-2.amazonaws.com/10-3.webp', 32);
insert into product_img (id, is_defect, product_img_url, product_id) values (407, true, 'https://shroop-s3.s3.ap-northeast-2.amazonaws.com/10-3.webp', 42);
insert into product_img (id, is_defect, product_img_url, product_id) values (408, false, 'https://shroop-s3.s3.ap-northeast-2.amazonaws.com/7-1.webp', 68);
insert into product_img (id, is_defect, product_img_url, product_id) values (409, true, 'https://shroop-s3.s3.ap-northeast-2.amazonaws.com/10-3.webp', 27);
insert into product_img (id, is_defect, product_img_url, product_id) values (410, false, 'https://shroop-s3.s3.ap-northeast-2.amazonaws.com/7-1.webp', 39);
insert into product_img (id, is_defect, product_img_url, product_id) values (411, true, 'https://shroop-s3.s3.ap-northeast-2.amazonaws.com/7-3.webp', 38);
insert into product_img (id, is_defect, product_img_url, product_id) values (412, true, 'https://shroop-s3.s3.ap-northeast-2.amazonaws.com/11-1.webp', 4);
insert into product_img (id, is_defect, product_img_url, product_id) values (413, true, 'https://shroop-s3.s3.ap-northeast-2.amazonaws.com/10-3.webp', 87);
insert into product_img (id, is_defect, product_img_url, product_id) values (414, false, 'https://shroop-s3.s3.ap-northeast-2.amazonaws.com/9-2.webp', 2);
insert into product_img (id, is_defect, product_img_url, product_id) values (415, false, 'https://shroop-s3.s3.ap-northeast-2.amazonaws.com/7-3.webp', 87);
insert into product_img (id, is_defect, product_img_url, product_id) values (416, true, 'https://shroop-s3.s3.ap-northeast-2.amazonaws.com/11-1.webp', 91);
insert into product_img (id, is_defect, product_img_url, product_id) values (417, false, 'https://shroop-s3.s3.ap-northeast-2.amazonaws.com/10-2.webp', 68);
insert into product_img (id, is_defect, product_img_url, product_id) values (418, true, 'https://shroop-s3.s3.ap-northeast-2.amazonaws.com/11-4.webp', 40);
insert into product_img (id, is_defect, product_img_url, product_id) values (419, true, 'https://shroop-s3.s3.ap-northeast-2.amazonaws.com/7-1.webp', 24);
insert into product_img (id, is_defect, product_img_url, product_id) values (420, true, 'https://shroop-s3.s3.ap-northeast-2.amazonaws.com/10-4.webp', 5);
insert into product_img (id, is_defect, product_img_url, product_id) values (421, true, 'https://shroop-s3.s3.ap-northeast-2.amazonaws.com/9-2.webp', 12);
insert into product_img (id, is_defect, product_img_url, product_id) values (422, true, 'https://shroop-s3.s3.ap-northeast-2.amazonaws.com/6-1.webp', 90);
insert into product_img (id, is_defect, product_img_url, product_id) values (423, false, 'https://shroop-s3.s3.ap-northeast-2.amazonaws.com/9-5.webp', 69);
insert into product_img (id, is_defect, product_img_url, product_id) values (424, false, 'https://shroop-s3.s3.ap-northeast-2.amazonaws.com/10-3.webp', 30);
insert into product_img (id, is_defect, product_img_url, product_id) values (425, true, 'https://shroop-s3.s3.ap-northeast-2.amazonaws.com/7-2.webp', 18);
insert into product_img (id, is_defect, product_img_url, product_id) values (426, false, 'https://shroop-s3.s3.ap-northeast-2.amazonaws.com/6-1.webp', 3);
insert into product_img (id, is_defect, product_img_url, product_id) values (427, false, 'https://shroop-s3.s3.ap-northeast-2.amazonaws.com/11-1.webp', 69);
insert into product_img (id, is_defect, product_img_url, product_id) values (428, true, 'https://shroop-s3.s3.ap-northeast-2.amazonaws.com/11-4.webp', 9);
insert into product_img (id, is_defect, product_img_url, product_id) values (429, false, 'https://shroop-s3.s3.ap-northeast-2.amazonaws.com/10-3.webp', 4);
insert into product_img (id, is_defect, product_img_url, product_id) values (430, false, 'https://shroop-s3.s3.ap-northeast-2.amazonaws.com/9-5.webp', 70);
insert into product_img (id, is_defect, product_img_url, product_id) values (431, false, 'https://shroop-s3.s3.ap-northeast-2.amazonaws.com/7-1.webp', 85);
insert into product_img (id, is_defect, product_img_url, product_id) values (432, true, 'https://shroop-s3.s3.ap-northeast-2.amazonaws.com/9-4.webp', 14);
insert into product_img (id, is_defect, product_img_url, product_id) values (433, false, 'https://shroop-s3.s3.ap-northeast-2.amazonaws.com/8-1.webp', 7);
insert into product_img (id, is_defect, product_img_url, product_id) values (434, false, 'https://shroop-s3.s3.ap-northeast-2.amazonaws.com/8-3.webp', 42);
insert into product_img (id, is_defect, product_img_url, product_id) values (435, true, 'https://shroop-s3.s3.ap-northeast-2.amazonaws.com/11-3.webp', 62);
insert into product_img (id, is_defect, product_img_url, product_id) values (436, true, 'https://shroop-s3.s3.ap-northeast-2.amazonaws.com/9-5.webp', 72);
insert into product_img (id, is_defect, product_img_url, product_id) values (437, true, 'https://shroop-s3.s3.ap-northeast-2.amazonaws.com/6-1.webp', 4);
insert into product_img (id, is_defect, product_img_url, product_id) values (438, true, 'https://shroop-s3.s3.ap-northeast-2.amazonaws.com/8-3.webp', 71);
insert into product_img (id, is_defect, product_img_url, product_id) values (439, false, 'https://shroop-s3.s3.ap-northeast-2.amazonaws.com/10-4.webp', 76);
insert into product_img (id, is_defect, product_img_url, product_id) values (440, true, 'https://shroop-s3.s3.ap-northeast-2.amazonaws.com/7-2.webp', 65);
insert into product_img (id, is_defect, product_img_url, product_id) values (441, true, 'https://shroop-s3.s3.ap-northeast-2.amazonaws.com/10-2.webp', 4);
insert into product_img (id, is_defect, product_img_url, product_id) values (442, true, 'https://shroop-s3.s3.ap-northeast-2.amazonaws.com/10-1.webp', 29);
insert into product_img (id, is_defect, product_img_url, product_id) values (443, false, 'https://shroop-s3.s3.ap-northeast-2.amazonaws.com/9-1.webp', 13);
insert into product_img (id, is_defect, product_img_url, product_id) values (444, true, 'https://shroop-s3.s3.ap-northeast-2.amazonaws.com/9-4.webp', 100);
insert into product_img (id, is_defect, product_img_url, product_id) values (445, false, 'https://shroop-s3.s3.ap-northeast-2.amazonaws.com/10-3.webp', 20);
insert into product_img (id, is_defect, product_img_url, product_id) values (446, false, 'https://shroop-s3.s3.ap-northeast-2.amazonaws.com/10-1.webp', 55);
insert into product_img (id, is_defect, product_img_url, product_id) values (447, false, 'https://shroop-s3.s3.ap-northeast-2.amazonaws.com/11-4.webp', 10);
insert into product_img (id, is_defect, product_img_url, product_id) values (448, true, 'https://shroop-s3.s3.ap-northeast-2.amazonaws.com/10-3.webp', 23);
insert into product_img (id, is_defect, product_img_url, product_id) values (449, false, 'https://shroop-s3.s3.ap-northeast-2.amazonaws.com/11-5.webp', 84);
insert into product_img (id, is_defect, product_img_url, product_id) values (450, true, 'https://shroop-s3.s3.ap-northeast-2.amazonaws.com/10-2.webp', 28);
insert into product_img (id, is_defect, product_img_url, product_id) values (451, true, 'https://shroop-s3.s3.ap-northeast-2.amazonaws.com/7-2.webp', 7);
insert into product_img (id, is_defect, product_img_url, product_id) values (452, true, 'https://shroop-s3.s3.ap-northeast-2.amazonaws.com/9-2.webp', 29);
insert into product_img (id, is_defect, product_img_url, product_id) values (453, false, 'https://shroop-s3.s3.ap-northeast-2.amazonaws.com/7-1.webp', 96);
insert into product_img (id, is_defect, product_img_url, product_id) values (454, false, 'https://shroop-s3.s3.ap-northeast-2.amazonaws.com/9-2.webp', 50);
insert into product_img (id, is_defect, product_img_url, product_id) values (455, true, 'https://shroop-s3.s3.ap-northeast-2.amazonaws.com/6-1.webp', 10);
insert into product_img (id, is_defect, product_img_url, product_id) values (456, false, 'https://shroop-s3.s3.ap-northeast-2.amazonaws.com/8-1.webp', 98);
insert into product_img (id, is_defect, product_img_url, product_id) values (457, false, 'https://shroop-s3.s3.ap-northeast-2.amazonaws.com/7-1.webp', 62);
insert into product_img (id, is_defect, product_img_url, product_id) values (458, true, 'https://shroop-s3.s3.ap-northeast-2.amazonaws.com/6-1.webp', 14);
insert into product_img (id, is_defect, product_img_url, product_id) values (459, true, 'https://shroop-s3.s3.ap-northeast-2.amazonaws.com/11-3.webp', 16);
insert into product_img (id, is_defect, product_img_url, product_id) values (460, false, 'https://shroop-s3.s3.ap-northeast-2.amazonaws.com/11-3.webp', 71);
insert into product_img (id, is_defect, product_img_url, product_id) values (461, false, 'https://shroop-s3.s3.ap-northeast-2.amazonaws.com/9-4.webp', 69);
insert into product_img (id, is_defect, product_img_url, product_id) values (462, true, 'https://shroop-s3.s3.ap-northeast-2.amazonaws.com/6-2.webp', 78);
insert into product_img (id, is_defect, product_img_url, product_id) values (463, false, 'https://shroop-s3.s3.ap-northeast-2.amazonaws.com/11-3.webp', 57);
insert into product_img (id, is_defect, product_img_url, product_id) values (464, true, 'https://shroop-s3.s3.ap-northeast-2.amazonaws.com/7-2.webp', 68);
insert into product_img (id, is_defect, product_img_url, product_id) values (465, true, 'https://shroop-s3.s3.ap-northeast-2.amazonaws.com/11-3.webp', 29);
insert into product_img (id, is_defect, product_img_url, product_id) values (466, false, 'https://shroop-s3.s3.ap-northeast-2.amazonaws.com/10-3.webp', 44);
insert into product_img (id, is_defect, product_img_url, product_id) values (467, true, 'https://shroop-s3.s3.ap-northeast-2.amazonaws.com/7-2.webp', 85);
insert into product_img (id, is_defect, product_img_url, product_id) values (468, true, 'https://shroop-s3.s3.ap-northeast-2.amazonaws.com/10-3.webp', 43);
insert into product_img (id, is_defect, product_img_url, product_id) values (469, true, 'https://shroop-s3.s3.ap-northeast-2.amazonaws.com/7-2.webp', 71);
insert into product_img (id, is_defect, product_img_url, product_id) values (470, true, 'https://shroop-s3.s3.ap-northeast-2.amazonaws.com/8-1.webp', 40);
insert into product_img (id, is_defect, product_img_url, product_id) values (471, true, 'https://shroop-s3.s3.ap-northeast-2.amazonaws.com/8-1.webp', 27);
insert into product_img (id, is_defect, product_img_url, product_id) values (472, false, 'https://shroop-s3.s3.ap-northeast-2.amazonaws.com/6-2.webp', 92);
insert into product_img (id, is_defect, product_img_url, product_id) values (473, true, 'https://shroop-s3.s3.ap-northeast-2.amazonaws.com/10-4.webp', 42);
insert into product_img (id, is_defect, product_img_url, product_id) values (474, true, 'https://shroop-s3.s3.ap-northeast-2.amazonaws.com/6-1.webp', 14);
insert into product_img (id, is_defect, product_img_url, product_id) values (475, false, 'https://shroop-s3.s3.ap-northeast-2.amazonaws.com/7-3.webp', 67);
insert into product_img (id, is_defect, product_img_url, product_id) values (476, true, 'https://shroop-s3.s3.ap-northeast-2.amazonaws.com/6-2.webp', 55);
insert into product_img (id, is_defect, product_img_url, product_id) values (477, false, 'https://shroop-s3.s3.ap-northeast-2.amazonaws.com/10-4.webp', 37);
insert into product_img (id, is_defect, product_img_url, product_id) values (478, false, 'https://shroop-s3.s3.ap-northeast-2.amazonaws.com/9-2.webp', 25);
insert into product_img (id, is_defect, product_img_url, product_id) values (479, false, 'https://shroop-s3.s3.ap-northeast-2.amazonaws.com/11-1.webp', 100);
insert into product_img (id, is_defect, product_img_url, product_id) values (480, false, 'https://shroop-s3.s3.ap-northeast-2.amazonaws.com/7-1.webp', 2);
insert into product_img (id, is_defect, product_img_url, product_id) values (481, true, 'https://shroop-s3.s3.ap-northeast-2.amazonaws.com/9-5.webp', 19);
insert into product_img (id, is_defect, product_img_url, product_id) values (482, true, 'https://shroop-s3.s3.ap-northeast-2.amazonaws.com/7-3.webp', 22);
insert into product_img (id, is_defect, product_img_url, product_id) values (483, false, 'https://shroop-s3.s3.ap-northeast-2.amazonaws.com/7-2.webp', 77);
insert into product_img (id, is_defect, product_img_url, product_id) values (484, false, 'https://shroop-s3.s3.ap-northeast-2.amazonaws.com/9-1.webp', 36);
insert into product_img (id, is_defect, product_img_url, product_id) values (485, false, 'https://shroop-s3.s3.ap-northeast-2.amazonaws.com/10-3.webp', 62);
insert into product_img (id, is_defect, product_img_url, product_id) values (486, true, 'https://shroop-s3.s3.ap-northeast-2.amazonaws.com/6-1.webp', 23);
insert into product_img (id, is_defect, product_img_url, product_id) values (487, true, 'https://shroop-s3.s3.ap-northeast-2.amazonaws.com/10-4.webp', 61);
insert into product_img (id, is_defect, product_img_url, product_id) values (488, false, 'https://shroop-s3.s3.ap-northeast-2.amazonaws.com/7-2.webp', 45);
insert into product_img (id, is_defect, product_img_url, product_id) values (489, true, 'https://shroop-s3.s3.ap-northeast-2.amazonaws.com/6-1.webp', 17);
insert into product_img (id, is_defect, product_img_url, product_id) values (490, false, 'https://shroop-s3.s3.ap-northeast-2.amazonaws.com/11-4.webp', 16);
insert into product_img (id, is_defect, product_img_url, product_id) values (491, false, 'https://shroop-s3.s3.ap-northeast-2.amazonaws.com/10-3.webp', 45);
insert into product_img (id, is_defect, product_img_url, product_id) values (492, true, 'https://shroop-s3.s3.ap-northeast-2.amazonaws.com/6-2.webp', 18);
insert into product_img (id, is_defect, product_img_url, product_id) values (493, true, 'https://shroop-s3.s3.ap-northeast-2.amazonaws.com/7-2.webp', 15);
insert into product_img (id, is_defect, product_img_url, product_id) values (494, true, 'https://shroop-s3.s3.ap-northeast-2.amazonaws.com/10-3.webp', 3);
insert into product_img (id, is_defect, product_img_url, product_id) values (495, false, 'https://shroop-s3.s3.ap-northeast-2.amazonaws.com/7-2.webp', 56);
insert into product_img (id, is_defect, product_img_url, product_id) values (496, true, 'https://shroop-s3.s3.ap-northeast-2.amazonaws.com/6-2.webp', 86);
insert into product_img (id, is_defect, product_img_url, product_id) values (497, true, 'https://shroop-s3.s3.ap-northeast-2.amazonaws.com/9-4.webp', 9);
insert into product_img (id, is_defect, product_img_url, product_id) values (498, true, 'https://shroop-s3.s3.ap-northeast-2.amazonaws.com/10-4.webp', 21);
insert into product_img (id, is_defect, product_img_url, product_id) values (499, false, 'https://shroop-s3.s3.ap-northeast-2.amazonaws.com/11-3.webp', 17);
insert into product_img (id, is_defect, product_img_url, product_id) values (500, true, 'https://shroop-s3.s3.ap-northeast-2.amazonaws.com/9-4.webp', 81);


